,DATEPRD,WELL_BORE_CODE,AVG_DOWNHOLE_PRESSURE,AVG_DOWNHOLE_TEMPERATURE,AVG_DP_TUBING,AVG_CHOKE_SIZE_P,AVG_WHP_P,AVG_WHT_P,DP_CHOKE_SIZE,BORE_OIL_VOL,BORE_GAS_VOL,BORE_WAT_VOL,
0,7-Apr-14,NO 15/9-F-1 C,0,0,0,0,0,0,0,0.00,0.00,0.00,
1,8-Apr-14,NO 15/9-F-1 C,0,0,0,1.00306,0,0,0,0.00,0.00,0.00,
2,9-Apr-14,NO 15/9-F-1 C,0,0,0,0.97901,0,0,0,0.00,0.00,0.00,
3,10-Apr-14,NO 15/9-F-1 C,0,0,0,0.54576,0,0,0,0.00,0.00,0.00,
4,11-Apr-14,NO 15/9-F-1 C,310.376,96.876,277.278,1.21599,33.098,10.48,33.072,0.00,0.00,0.00,
5,12-Apr-14,NO 15/9-F-1 C,303.501,96.923,281.447,3.08702,22.053,8.704,22.053,0.00,0.00,0.00,
6,13-Apr-14,NO 15/9-F-1 C,303.535,96.959,276.032,1.96237,27.503,9.423,16.163,0.00,0.00,0.00,
7,14-Apr-14,NO 15/9-F-1 C,303.782,96.969,282.787,0,20.996,8.131,20.737,0.00,0.00,0.00,
8,15-Apr-14,NO 15/9-F-1 C,303.858,97.021,289.941,31.14186,13.918,8.498,12.182,0.00,0.00,0.00,
9,16-Apr-14,NO 15/9-F-1 C,303.792,97.066,299.672,0,4.12,8.821,1.49,0.00,0.00,0.00,
10,17-Apr-14,NO 15/9-F-1 C,304.335,96.919,282.901,41.23599,21.434,8.854,18.795,0.00,0.00,0.00,
11,18-Apr-14,NO 15/9-F-1 C,304.849,96.72,273.701,0,31.148,9.64,28.503,0.00,0.00,0.00,
12,19-Apr-14,NO 15/9-F-1 C,305.371,96.616,259.62,0.43686,45.752,9.639,43.157,0.00,0.00,0.00,
13,20-Apr-14,NO 15/9-F-1 C,313.871,96.56,282.814,0.45428,31.056,9.62,28.484,0.00,0.00,0.00,
14,21-Apr-14,NO 15/9-F-1 C,301.376,102.676,204.795,20.98975,96.58,19.197,69.776,0.00,0.00,0.00,
15,22-Apr-14,NO 15/9-F-1 C,289.421,106.353,182.059,43.34345,107.362,37.939,78.935,631.00,90439.00,0.00,
16,23-Apr-14,NO 15/9-F-1 C,270.24,107.644,171.053,47.16752,99.187,60.757,70.627,1166.00,165720.00,0.00,
17,24-Apr-14,NO 15/9-F-1 C,262.843,107.869,168.242,47.73231,94.601,63.047,66.049,1550.00,221707.00,0.00,
18,25-Apr-14,NO 15/9-F-1 C,255.527,107.971,165.539,48.53377,89.988,64.547,61.405,1249.00,178064.00,0.00,
19,26-Apr-14,NO 15/9-F-1 C,247.199,108.052,162.422,49.8445,84.777,65.724,56.148,1346.00,192602.00,0.00,
20,27-Apr-14,NO 15/9-F-1 C,240.736,108.054,159.899,50.29698,80.837,66.934,52.202,1350.00,194496.00,0.00,
21,28-Apr-14,NO 15/9-F-1 C,235.021,108.042,157.683,50.73588,77.338,67.848,48.708,1346.00,192900.00,0.00,
22,29-Apr-14,NO 15/9-F-1 C,232.744,107.988,156.795,50.11392,75.949,65.707,47.376,1279.00,184900.00,0.00,
23,30-Apr-14,NO 15/9-F-1 C,233.298,107.893,157.179,48.92679,76.118,62.796,47.611,1226.00,177108.00,0.00,
24,1-May-14,NO 15/9-F-1 C,231.089,107.877,156.399,48.93863,74.69,62.377,46.196,1213.00,174609.00,0.00,
25,2-May-14,NO 15/9-F-1 C,231.419,107.817,156.69,48.3037,74.729,60.747,46.15,1074.00,154871.00,0.00,
26,3-May-14,NO 15/9-F-1 C,230.766,107.795,156.606,48.1735,74.16,60.628,45.733,1044.00,147930.00,0.00,
27,4-May-14,NO 15/9-F-1 C,230.596,107.764,156.688,47.46609,73.908,58.279,45.491,970.00,139378.00,0.00,
28,5-May-14,NO 15/9-F-1 C,229.424,107.78,156.429,47.84002,72.994,54.905,44.549,946.00,136980.00,0.00,
29,6-May-14,NO 15/9-F-1 C,225.902,107.86,154.951,49.00558,70.952,58.883,42.45,1003.00,144950.00,0.00,
30,7-May-14,NO 15/9-F-1 C,225.768,107.838,155.059,47.9204,70.71,57.426,42.049,925.00,135000.00,0.00,
31,8-May-14,NO 15/9-F-1 C,225.687,107.821,155.142,47.29695,70.545,57.656,41.159,914.00,127565.00,0.00,
32,9-May-14,NO 15/9-F-1 C,227.798,107.599,156.852,29.13359,70.946,55.955,41.745,177.00,24323.00,0.00,
33,10-May-14,NO 15/9-F-1 C,226.061,107.684,155.165,48.13438,70.896,57.374,41.905,944.00,52163.00,0.00,
34,11-May-14,NO 15/9-F-1 C,225.097,107.836,155.162,47.49389,69.935,58.024,41.483,823.00,117732.00,0.00,
35,12-May-14,NO 15/9-F-1 C,226.023,107.772,155.797,46.93359,70.226,56.885,41.807,769.00,111238.00,0.00,
36,13-May-14,NO 15/9-F-1 C,226.905,107.717,156.577,46.3352,70.328,54.255,41.926,741.00,107144.00,0.00,
37,14-May-14,NO 15/9-F-1 C,225.576,107.741,156.204,45.16209,69.372,54.995,40.981,713.00,102881.00,0.00,
38,15-May-14,NO 15/9-F-1 C,225.893,107.709,156.826,46.31644,69.067,48.598,40.651,744.00,106745.00,0.00,
39,16-May-14,NO 15/9-F-1 C,225.701,107.71,157.108,46.34614,68.593,48.378,40.138,736.00,104864.00,0.00,
40,17-May-14,NO 15/9-F-1 C,223.603,107.778,156.346,47.08721,67.256,53.921,38.84,783.00,110078.00,0.00,
41,18-May-14,NO 15/9-F-1 C,220.102,107.889,154.695,47.76981,65.407,53.832,36.99,835.00,117388.00,0.00,
42,19-May-14,NO 15/9-F-1 C,220.49,107.86,155.176,47.13595,65.314,55.754,36.906,789.00,109517.00,0.00,
43,20-May-14,NO 15/9-F-1 C,220.154,107.859,155.238,47.14247,64.916,55.628,36.509,783.00,109362.00,0.00,
44,21-May-14,NO 15/9-F-1 C,220.066,107.851,155.375,46.52459,64.691,52.236,36.281,744.00,104993.00,0.00,
45,22-May-14,NO 15/9-F-1 C,219.983,107.852,155.547,46.289,64.436,53.661,36.019,735.00,107116.00,0.00,
46,23-May-14,NO 15/9-F-1 C,219.863,107.867,155.572,46.28423,64.291,49.053,35.873,743.00,108079.00,93.00,
47,24-May-14,NO 15/9-F-1 C,219.923,107.883,155.753,46.24216,64.17,54.691,35.751,747.00,108387.00,100.00,
48,25-May-14,NO 15/9-F-1 C,219.977,107.903,155.904,46.26168,64.073,55.231,35.671,751.00,105810.00,101.00,
49,26-May-14,NO 15/9-F-1 C,219.974,107.921,156.043,46.26511,63.93,55.103,35.529,727.00,106514.00,87.00,
50,27-May-14,NO 15/9-F-1 C,219.98,107.936,156.243,46.22633,63.737,55.311,35.335,716.00,105800.00,91.00,
51,28-May-14,NO 15/9-F-1 C,219.267,107.445,155.716,46.215,63.551,55.508,35.155,695.00,102250.00,77.00,
52,29-May-14,NO 15/9-F-1 C,220.007,107.962,156.549,46.21506,63.458,56.171,35.052,699.00,102824.00,77.00,
53,30-May-14,NO 15/9-F-1 C,220,107.974,156.665,46.23157,63.335,55.852,34.924,704.00,103978.00,78.00,
54,31-May-14,NO 15/9-F-1 C,219.994,107.985,156.783,46.2074,63.21,55.596,34.793,716.00,105761.00,79.00,
55,1-Jun-14,NO 15/9-F-1 C,220.006,107.994,156.864,46.26479,63.142,55.963,34.726,724.00,107036.00,80.00,
56,2-Jun-14,NO 15/9-F-1 C,221.328,107.825,157.538,41.7134,63.79,50.774,35.352,460.00,68263.00,46.00,
57,3-Jun-14,NO 15/9-F-1 C,220.24,107.965,157.868,46.19319,62.373,53.047,33.947,715.00,104866.00,81.00,
58,4-Jun-14,NO 15/9-F-1 C,221.268,107.961,159.451,46.15731,61.817,53.736,33.387,707.00,104234.00,80.00,
59,5-Jun-14,NO 15/9-F-1 C,221.045,107.973,158.758,47.04157,62.286,54.245,33.842,677.00,99517.00,91.00,
60,6-Jun-14,NO 15/9-F-1 C,220.75,107.987,157.674,47.2027,63.076,56.534,34.646,690.00,99850.00,92.00,
61,7-Jun-14,NO 15/9-F-1 C,220.64,107.994,157.278,47.19411,63.362,56.615,34.934,694.00,100306.00,92.00,
62,8-Jun-14,NO 15/9-F-1 C,220.504,108.003,157.185,47.15202,63.319,52.051,34.892,691.00,99959.00,91.00,
63,9-Jun-14,NO 15/9-F-1 C,221.451,107.757,159.113,38.97891,62.337,53.559,34.67,238.00,34916.00,28.00,
64,10-Jun-14,NO 15/9-F-1 C,220.852,107.991,158.075,46.51253,62.777,54.486,34.352,647.00,95262.00,85.00,
65,11-Jun-14,NO 15/9-F-1 C,218.415,108.065,156.685,47.81521,61.73,54.295,33.314,746.00,108793.00,94.00,
66,12-Jun-14,NO 15/9-F-1 C,215.497,108.139,155.559,48.72777,59.938,61.561,31.529,805.00,116555.00,102.00,
67,13-Jun-14,NO 15/9-F-1 C,214.823,108.135,154.685,48.26392,60.138,62.327,31.739,819.00,120308.00,57.00,
68,14-Jun-14,NO 15/9-F-1 C,215.833,108.105,155.598,48.00591,60.235,59.584,31.836,781.00,115374.00,54.00,
69,15-Jun-14,NO 15/9-F-1 C,214.877,108.114,154.958,48.04032,59.92,60.774,31.544,786.00,116058.00,55.00,
70,16-Jun-14,NO 15/9-F-1 C,215.381,108.088,155.333,47.74037,60.048,59.445,31.671,757.00,111153.00,52.00,
71,17-Jun-14,NO 15/9-F-1 C,216.119,108.067,155.978,47.62397,60.14,58.607,31.763,727.00,107051.00,51.00,
72,18-Jun-14,NO 15/9-F-1 C,215.984,108.066,156.197,47.63986,59.787,58.662,31.4,724.00,106457.00,51.00,
73,19-Jun-14,NO 15/9-F-1 C,215.818,108.066,156.378,47.60717,59.44,57.55,31.053,715.00,105828.00,53.00,
74,20-Jun-14,NO 15/9-F-1 C,215.579,108.073,156.488,47.58517,59.091,58.446,30.704,711.00,104861.00,51.00,
75,21-Jun-14,NO 15/9-F-1 C,215.304,108.079,156.599,47.6112,58.705,58.703,30.313,708.00,104156.00,50.00,
76,22-Jun-14,NO 15/9-F-1 C,214.949,108.085,156.713,47.61982,58.236,58.418,29.846,703.00,102418.00,52.00,
77,23-Jun-14,NO 15/9-F-1 C,214.858,108.087,157.394,47.65973,57.464,57.883,28.78,696.00,102285.00,52.00,
78,24-Jun-14,NO 15/9-F-1 C,214.897,108.08,157.989,47.62792,56.908,57.35,28.519,658.00,96652.00,95.00,
79,25-Jun-14,NO 15/9-F-1 C,214.822,108.084,157.947,46.56755,56.875,58.007,28.477,576.00,85082.00,79.00,
80,26-Jun-14,NO 15/9-F-1 C,219.559,107.447,158.581,44,60.978,49.152,35.123,370.00,55420.00,51.00,
81,27-Jun-14,NO 15/9-F-1 C,217.252,107.635,162.789,44.3751,54.462,50.511,26.032,418.00,63214.00,59.00,
82,28-Jun-14,NO 15/9-F-1 C,215.093,108.078,160.766,47.05341,54.327,55.688,25.903,589.00,88193.00,92.00,
83,29-Jun-14,NO 15/9-F-1 C,215.259,108.099,160.197,46.83166,55.062,55.97,26.646,572.00,85616.00,82.00,
84,30-Jun-14,NO 15/9-F-1 C,215.351,108.108,160.212,45.82783,55.139,56.006,26.727,513.00,76979.00,71.00,
85,1-Jul-14,NO 15/9-F-1 C,215.385,108.114,160.417,46.78696,54.967,56.254,26.555,563.00,84308.00,79.00,
86,2-Jul-14,NO 15/9-F-1 C,215.407,108.119,160.599,46.79973,54.808,51.652,26.39,564.00,84365.00,79.00,
87,3-Jul-14,NO 15/9-F-1 C,215.332,108.124,160.782,46.80369,54.551,50.821,26.132,565.00,84351.00,79.00,
88,4-Jul-14,NO 15/9-F-1 C,215.211,108.129,161.101,46.84702,54.111,51.418,25.676,564.00,84183.00,80.00,
89,5-Jul-14,NO 15/9-F-1 C,215.119,108.132,161.484,46.85599,53.635,54.232,25.201,563.00,83870.00,80.00,
90,6-Jul-14,NO 15/9-F-1 C,215.067,108.134,161.973,46.86472,53.094,56.636,24.659,563.00,83854.00,80.00,
91,7-Jul-14,NO 15/9-F-1 C,215.07,108.136,162.407,46.82457,52.663,54.966,24.234,522.00,77847.00,154.00,
92,8-Jul-14,NO 15/9-F-1 C,215.047,108.139,163.023,46.80372,52.024,57.485,23.586,523.00,77885.00,247.00,
93,9-Jul-14,NO 15/9-F-1 C,215.136,108.14,163.889,46.80708,51.247,56.123,22.798,522.00,77859.00,247.00,
94,10-Jul-14,NO 15/9-F-1 C,215.165,108.143,164.233,46.79164,50.932,57.489,22.48,490.00,73241.00,213.00,
95,11-Jul-14,NO 15/9-F-1 C,215.188,108.144,164.696,46.78773,50.492,56.119,22.038,492.00,72895.00,253.00,
96,12-Jul-14,NO 15/9-F-1 C,215.464,108.142,165.927,46.85941,49.536,56.633,21.08,488.00,72637.00,204.00,
97,13-Jul-14,NO 15/9-F-1 C,215.759,108.134,166.743,46.80047,49.016,57.204,20.54,482.00,71515.00,200.00,
98,14-Jul-14,NO 15/9-F-1 C,215.977,108.121,167.412,47.00266,48.565,56.775,20.102,492.00,73096.00,215.00,
99,15-Jul-14,NO 15/9-F-1 C,215.051,108.145,166.189,47.88536,48.862,56.395,20.38,476.00,70443.00,247.00,
100,16-Jul-14,NO 15/9-F-1 C,214.827,108.15,166.342,47.76055,48.486,56.418,20.016,466.00,69327.00,244.00,
101,17-Jul-14,NO 15/9-F-1 C,214.761,108.151,166.585,47.7135,48.176,55.027,19.707,464.00,68817.00,242.00,
102,18-Jul-14,NO 15/9-F-1 C,214.923,108.148,167.474,47.69517,47.449,58.937,19.009,459.00,68361.00,241.00,
103,19-Jul-14,NO 15/9-F-1 C,215.035,108.147,167.639,47.68624,47.396,58.307,18.922,458.00,68466.00,241.00,
104,20-Jul-14,NO 15/9-F-1 C,216.045,108.021,168.827,43.93395,47.218,55.548,18.539,291.00,44919.00,139.00,
105,21-Jul-14,NO 15/9-F-1 C,215.112,108.142,170.3,47.97656,44.812,56.696,16.288,487.00,72966.00,256.00,
106,22-Jul-14,NO 15/9-F-1 C,215.062,108.176,168.716,47.70091,46.346,58.756,17.868,469.00,69274.00,242.00,
107,23-Jul-14,NO 15/9-F-1 C,215.205,108.182,169.048,47.71833,46.157,58.985,17.681,465.00,69891.00,240.00,
108,24-Jul-14,NO 15/9-F-1 C,215.378,108.182,169.281,47.63336,46.097,59.719,17.614,467.00,69743.00,232.00,
109,25-Jul-14,NO 15/9-F-1 C,215.526,108.183,169.771,47.65598,45.756,59.467,17.269,464.00,69237.00,233.00,
110,26-Jul-14,NO 15/9-F-1 C,215.614,108.183,170.112,47.60958,45.501,60.039,17.047,459.00,68831.00,252.00,
111,27-Jul-14,NO 15/9-F-1 C,215.844,108.183,170.957,47.59103,44.887,58.891,16.437,461.00,68638.00,260.00,
112,28-Jul-14,NO 15/9-F-1 C,216.087,108.183,171.445,47.60245,44.642,59.252,16.195,458.00,68331.00,245.00,
113,29-Jul-14,NO 15/9-F-1 C,215.966,108.191,171.367,48.1316,44.598,56.664,16.151,482.00,71885.00,259.00,
114,30-Jul-14,NO 15/9-F-1 C,214.626,108.233,169.636,48.71677,44.99,57.165,16.522,489.00,72278.00,243.00,
115,31-Jul-14,NO 15/9-F-1 C,215.092,108.22,171.845,48.71789,43.247,58.959,14.725,376.00,56055.00,218.00,
116,1-Aug-14,NO 15/9-F-1 C,215.027,108.221,171.356,48.72132,43.671,59.044,15.15,378.00,56399.00,218.00,
117,2-Aug-14,NO 15/9-F-1 C,215.155,108.217,172.016,48.70453,43.139,58.063,14.605,379.00,56290.00,218.00,
118,3-Aug-14,NO 15/9-F-1 C,215.13,108.217,171.879,48.69856,43.251,57.608,14.744,377.00,56569.00,213.00,
119,4-Aug-14,NO 15/9-F-1 C,212.895,108.262,168.859,49.53814,44.036,56.583,15.518,418.00,61912.00,228.00,
120,5-Aug-14,NO 15/9-F-1 C,210.167,108.325,166.758,49.63278,43.409,63.583,14.913,508.00,75078.00,262.00,
121,6-Aug-14,NO 15/9-F-1 C,209.823,108.321,167.206,49.59429,42.617,62.685,14.108,470.00,69713.00,253.00,
122,7-Aug-14,NO 15/9-F-1 C,210.094,108.307,169.043,50.19488,41.051,60.702,12.535,521.00,77391.00,294.00,
123,8-Aug-14,NO 15/9-F-1 C,210.184,108.297,169.819,50.21089,40.365,62.56,11.838,518.00,76995.00,297.00,
124,9-Aug-14,NO 15/9-F-1 C,210.545,108.283,170.397,49.9463,40.148,58.14,11.606,493.00,73657.00,290.00,
125,10-Aug-14,NO 15/9-F-1 C,210.631,108.281,170.858,50.23923,39.773,56.231,11.219,509.00,76002.00,303.00,
126,11-Aug-14,NO 15/9-F-1 C,213.448,108.171,176.098,49.43711,37.35,50.724,8.751,352.00,52975.00,241.00,
127,12-Aug-14,NO 15/9-F-1 C,215.506,108.138,178.412,48.82824,37.094,44.267,8.482,287.00,44830.00,240.00,
128,13-Aug-14,NO 15/9-F-1 C,215.895,108.159,178.003,48.57821,37.892,50.89,9.291,279.00,44300.00,235.00,
129,14-Aug-14,NO 15/9-F-1 C,215.855,108.189,177.023,48.49824,38.832,56.831,10.254,297.00,47071.00,249.00,
130,15-Aug-14,NO 15/9-F-1 C,215.777,108.204,176.233,48.4718,39.543,57.329,10.978,297.00,46462.00,248.00,
131,16-Aug-14,NO 15/9-F-1 C,216.002,108.202,176.635,48.47927,39.366,52.846,10.796,296.00,44219.00,247.00,
132,17-Aug-14,NO 15/9-F-1 C,216.016,108.211,176.177,48.47286,39.839,53.758,11.259,296.00,44243.00,247.00,
133,18-Aug-14,NO 15/9-F-1 C,216.082,108.215,176.08,48.44686,40.001,57.064,11.427,293.00,44083.00,247.00,
134,19-Aug-14,NO 15/9-F-1 C,217.065,108.215,176.476,15.61403,40.589,56.849,12.717,0.00,0.00,0.00,
135,20-Aug-14,NO 15/9-F-1 C,242.944,103.647,242.378,0.51505,0.566,15.363,0.566,0.00,0.00,0.00,
136,21-Aug-14,NO 15/9-F-1 C,234.107,104.129,233.521,0.53602,0.586,19.296,0.586,0.00,0.00,0.00,
137,22-Aug-14,NO 15/9-F-1 C,234.107,104.129,233.521,0.53602,0.586,19.296,0.586,0.00,0.00,0.00,
138,23-Aug-14,NO 15/9-F-1 C,234.107,104.129,233.521,0.53602,0.586,19.296,0.586,0.00,0.00,0.00,
139,24-Aug-14,NO 15/9-F-1 C,234.107,104.129,233.521,0.53602,0.586,19.296,0.586,0.00,0.00,0.00,
140,25-Aug-14,NO 15/9-F-1 C,266.286,101.806,205.786,0.50519,60.499,21.192,60.499,0.00,0.00,0.00,
141,26-Aug-14,NO 15/9-F-1 C,268.533,101.253,188.69,0.52745,79.843,18.682,79.843,0.00,0.00,0.00,
142,27-Aug-14,NO 15/9-F-1 C,271.096,101.206,190.031,0.51857,81.065,18.273,81.065,0.00,0.00,0.00,
143,28-Aug-14,NO 15/9-F-1 C,266.151,98.061,184.237,0.50971,81.914,17.432,81.914,0.00,0.00,0.00,
144,29-Aug-14,NO 15/9-F-1 C,276.538,101.183,195.214,0.49239,81.324,15.927,81.324,0.00,0.00,0.00,
145,30-Aug-14,NO 15/9-F-1 C,279.004,101.128,196.735,0.47928,82.269,15.532,82.269,0.00,0.00,0.00,
146,31-Aug-14,NO 15/9-F-1 C,281.008,101.032,207.12,0.49207,73.889,16.726,73.889,0.00,0.00,0.00,
147,1-Sep-14,NO 15/9-F-1 C,282.916,100.949,232.018,0.50623,50.898,15.534,50.894,0.00,0.00,0.00,
148,2-Sep-14,NO 15/9-F-1 C,284.441,100.737,243.636,3.73434,40.805,20.768,35.651,0.00,0.00,0.00,
149,3-Sep-14,NO 15/9-F-1 C,248.024,106.953,205.834,40.66991,42.19,46.49,13.352,104.00,16926.00,74.00,
150,4-Sep-14,NO 15/9-F-1 C,237.287,107.37,208.8,61.08916,28.487,53.783,2.371,290.00,46376.00,537.00,
151,5-Sep-14,NO 15/9-F-1 C,223.51,108.49,184.59,53.05112,38.92,66.292,10.308,428.00,69487.00,344.00,
152,6-Sep-14,NO 15/9-F-1 C,225.251,108.443,181.588,49.88744,43.664,64.888,15.084,423.00,68818.00,342.00,
153,7-Sep-14,NO 15/9-F-1 C,225.938,108.428,181.002,49.63413,44.937,60.686,16.368,412.00,67226.00,337.00,
154,8-Sep-14,NO 15/9-F-1 C,224.929,108.435,179.58,49.46683,45.349,62.91,16.791,411.00,66847.00,337.00,
155,9-Sep-14,NO 15/9-F-1 C,224.676,108.408,179.137,49.47164,45.539,61.993,16.993,409.00,66355.00,334.00,
156,10-Sep-14,NO 15/9-F-1 C,224.654,108.388,179.216,48.69733,45.438,62.495,16.898,390.00,63293.00,315.00,
157,11-Sep-14,NO 15/9-F-1 C,225.961,108.339,180.898,48.65349,45.063,57.543,16.516,380.00,60995.00,327.00,
158,12-Sep-14,NO 15/9-F-1 C,225.609,108.329,180.727,48.61656,44.882,56.713,16.342,391.00,57082.00,325.00,
159,13-Sep-14,NO 15/9-F-1 C,225.3,108.32,180.798,48.64684,44.502,58.731,15.959,392.00,57123.00,329.00,
160,14-Sep-14,NO 15/9-F-1 C,225.149,108.315,181.192,48.62198,43.957,60.817,15.414,384.00,56615.00,323.00,
161,15-Sep-14,NO 15/9-F-1 C,224.943,108.308,181.296,48.62278,43.647,59.245,15.093,342.00,50991.00,291.00,
162,16-Sep-14,NO 15/9-F-1 C,224.805,108.301,181.513,48.62732,43.292,58.169,14.624,339.00,50947.00,291.00,
163,17-Sep-14,NO 15/9-F-1 C,224.625,108.298,181.714,48.64232,42.911,58.464,14.323,345.00,51928.00,297.00,
164,18-Sep-14,NO 15/9-F-1 C,224.549,108.29,181.972,48.6447,42.577,58.858,14.006,334.00,49758.00,305.00,
165,19-Sep-14,NO 15/9-F-1 C,224.559,108.282,182.302,48.6,42.257,59.273,13.685,330.00,49602.00,302.00,
166,20-Sep-14,NO 15/9-F-1 C,221.863,108.331,179.487,49.14886,42.376,60.525,13.812,358.00,53618.00,320.00,
167,21-Sep-14,NO 15/9-F-1 C,219.555,108.391,177.669,49.4,41.886,61.651,13.337,378.00,56787.00,333.00,
168,22-Sep-14,NO 15/9-F-1 C,219.888,108.362,178.452,49.3,41.436,61.077,12.88,357.00,53587.00,332.00,
169,23-Sep-14,NO 15/9-F-1 C,219.715,108.354,178.643,49.18709,41.072,58.684,12.505,354.00,53316.00,328.00,
170,24-Sep-14,NO 15/9-F-1 C,219.833,108.346,179.376,49.1631,40.457,58.965,11.879,339.00,51385.00,318.00,
171,25-Sep-14,NO 15/9-F-1 C,220.009,108.335,179.998,49.1295,40.011,55.705,11.421,325.00,49352.00,324.00,
172,26-Sep-14,NO 15/9-F-1 C,219.967,108.331,180.194,49.13849,39.773,54.606,11.186,325.00,49388.00,322.00,
173,27-Sep-14,NO 15/9-F-1 C,219.897,108.327,180.229,49.13247,39.668,53.283,11.088,322.00,49246.00,323.00,
174,28-Sep-14,NO 15/9-F-1 C,220.042,108.321,180.668,49.014,39.374,53.805,10.846,308.00,47051.00,308.00,
175,29-Sep-14,NO 15/9-F-1 C,243.074,105.065,238.816,6.59247,4.257,28.166,0.276,0.00,0.00,0.00,
176,30-Sep-14,NO 15/9-F-1 C,241.919,105.526,199.357,14.40704,42.562,27.725,22.4,0.00,0.00,0.00,
177,1-Oct-14,NO 15/9-F-1 C,226.032,107.481,217.957,53.67235,8.076,52.413,2.637,55.00,8962.00,142.00,
178,2-Oct-14,NO 15/9-F-1 C,211.873,108.502,180.979,58.42784,30.894,58.723,4.508,199.00,31731.00,308.00,
179,3-Oct-14,NO 15/9-F-1 C,221.135,108.404,186.136,51.8747,34.999,51.461,5.625,275.00,43001.00,455.00,
180,4-Oct-14,NO 15/9-F-1 C,219.88,108.432,183.169,50.89766,36.712,57.579,8.099,288.00,44101.00,460.00,
181,5-Oct-14,NO 15/9-F-1 C,219.474,108.438,181.851,50.54632,37.624,57.28,8.98,323.00,49501.00,353.00,
182,6-Oct-14,NO 15/9-F-1 C,220.902,108.399,183.041,50.20832,37.86,57.765,9.254,315.00,48233.00,344.00,
183,7-Oct-14,NO 15/9-F-1 C,220.653,108.402,182.437,50.43002,38.216,55.118,9.605,322.00,48181.00,335.00,
184,8-Oct-14,NO 15/9-F-1 C,220.669,108.396,182.385,50.49318,38.284,53.302,9.667,320.00,49975.00,345.00,
185,9-Oct-14,NO 15/9-F-1 C,220.467,108.396,182.139,50.45315,38.329,53.2,9.703,326.00,50479.00,344.00,
186,10-Oct-14,NO 15/9-F-1 C,220.178,108.394,181.798,50.4097,38.379,53.766,9.77,329.00,50894.00,327.00,
187,11-Oct-14,NO 15/9-F-1 C,220.156,108.388,181.931,50.3959,38.225,52.715,9.625,325.00,50158.00,326.00,
188,12-Oct-14,NO 15/9-F-1 C,220.145,108.382,182.067,50.37768,38.079,56.232,9.479,323.00,49865.00,326.00,
189,13-Oct-14,NO 15/9-F-1 C,220.325,108.373,182.512,50.36087,37.813,60.762,9.215,321.00,49604.00,336.00,
190,14-Oct-14,NO 15/9-F-1 C,220.439,108.367,182.79,50.36302,37.649,60.45,9.05,320.00,49572.00,338.00,
191,15-Oct-14,NO 15/9-F-1 C,220.219,108.368,182.553,50.46712,37.666,60.618,9.064,323.00,49750.00,336.00,
192,16-Oct-14,NO 15/9-F-1 C,220.012,108.371,182.428,50.56329,37.584,59.252,8.979,322.00,49653.00,332.00,
193,17-Oct-14,NO 15/9-F-1 C,220.213,108.363,182.852,50.55873,37.361,59.519,8.755,321.00,49635.00,331.00,
194,18-Oct-14,NO 15/9-F-1 C,220.225,108.36,182.91,50.47798,37.316,54.294,8.701,321.00,49749.00,329.00,
195,19-Oct-14,NO 15/9-F-1 C,220.223,108.358,183.09,50.51979,37.133,50.17,8.508,323.00,50071.00,329.00,
196,20-Oct-14,NO 15/9-F-1 C,220.721,108.347,184.363,50.8639,36.358,56.087,7.729,327.00,50700.00,335.00,
197,21-Oct-14,NO 15/9-F-1 C,220.412,108.351,183.592,50.91154,36.82,55.688,8.183,316.00,48562.00,330.00,
198,22-Oct-14,NO 15/9-F-1 C,220.624,108.345,183.944,50.84929,36.679,55.688,8.059,314.00,48495.00,335.00,
199,23-Oct-14,NO 15/9-F-1 C,220.618,108.344,183.888,50.81898,36.73,49.988,8.11,314.00,48623.00,330.00,
200,24-Oct-14,NO 15/9-F-1 C,220.745,108.341,184.094,50.77311,36.65,50.37,8.027,314.00,48609.00,332.00,
201,25-Oct-14,NO 15/9-F-1 C,220.862,108.338,184.273,50.78376,36.589,48.384,7.959,317.00,49209.00,334.00,
202,26-Oct-14,NO 15/9-F-1 C,220.958,108.336,184.404,50.8004,36.554,47.288,7.918,333.00,51385.00,336.00,
203,27-Oct-14,NO 15/9-F-1 C,219.964,108.36,182.967,50.7788,36.997,53.303,8.444,318.00,49191.00,333.00,
204,28-Oct-14,NO 15/9-F-1 C,219.961,108.364,183.295,50.49807,36.666,53.394,8.209,315.00,48599.00,325.00,
205,29-Oct-14,NO 15/9-F-1 C,220.718,108.345,184.641,50.49862,36.077,59.315,7.609,304.00,46729.00,320.00,
206,30-Oct-14,NO 15/9-F-1 C,221.12,108.333,185.252,51.03952,35.868,57.796,7.245,318.00,48777.00,331.00,
207,31-Oct-14,NO 15/9-F-1 C,219.495,108.372,182.653,51.30979,36.842,58.456,8.234,323.00,50070.00,330.00,
208,1-Nov-14,NO 15/9-F-1 C,219.785,108.362,183.329,50.91824,36.455,51.984,7.833,317.00,49048.00,324.00,
209,2-Nov-14,NO 15/9-F-1 C,220.066,108.353,183.84,50.90594,36.225,50.972,7.588,321.00,49772.00,330.00,
210,3-Nov-14,NO 15/9-F-1 C,220.343,108.345,184.315,50.93085,36.028,54.662,7.38,295.00,45686.00,328.00,
211,4-Nov-14,NO 15/9-F-1 C,220.487,108.341,184.594,50.89229,35.892,58.738,7.242,291.00,45094.00,305.00,
212,5-Nov-14,NO 15/9-F-1 C,221.788,108.303,186.691,51.13204,35.096,58.079,6.446,288.00,44832.00,307.00,
213,6-Nov-14,NO 15/9-F-1 C,221.686,108.294,186.544,51.63975,35.142,54.915,6.485,292.00,45410.00,310.00,
214,7-Nov-14,NO 15/9-F-1 C,220.011,108.358,183.528,50.84322,36.483,56.356,7.916,293.00,45241.00,303.00,
215,8-Nov-14,NO 15/9-F-1 C,219.993,108.357,183.717,50.80817,36.276,53.551,7.821,292.00,45657.00,322.00,
216,9-Nov-14,NO 15/9-F-1 C,220.479,108.343,184.67,50.80079,35.81,53.341,7.39,290.00,45639.00,326.00,
217,10-Nov-14,NO 15/9-F-1 C,222.466,108.289,188.077,51.7,34.39,54.089,5.838,283.00,46088.00,324.00,
218,11-Nov-14,NO 15/9-F-1 C,219.979,108.352,183.488,51.69625,36.491,60.338,8.044,295.00,46629.00,332.00,
219,12-Nov-14,NO 15/9-F-1 C,219.184,108.379,182.74,51.63631,36.444,59.227,7.997,295.00,46218.00,318.00,
220,13-Nov-14,NO 15/9-F-1 C,220.275,108.35,184.883,51.60535,35.392,58.757,6.955,291.00,45666.00,312.00,
221,14-Nov-14,NO 15/9-F-1 C,220.879,108.328,185.65,51.5844,35.229,58.249,6.792,290.00,45494.00,312.00,
222,15-Nov-14,NO 15/9-F-1 C,220.069,108.353,184.409,51.59682,35.66,57.996,7.22,293.00,45840.00,311.00,
223,16-Nov-14,NO 15/9-F-1 C,221.136,108.32,186.351,52.04163,34.785,56.501,6.347,293.00,45756.00,319.00,
224,17-Nov-14,NO 15/9-F-1 C,222.146,108.28,188.302,52.62032,33.844,56.004,5.412,293.00,45039.00,330.00,
225,18-Nov-14,NO 15/9-F-1 C,220.412,108.351,184.329,50.94922,36.082,59.361,7.655,289.00,44152.00,313.00,
226,19-Nov-14,NO 15/9-F-1 C,221.504,108.309,186.181,50.93181,35.323,58.972,6.896,282.00,43107.00,306.00,
227,20-Nov-14,NO 15/9-F-1 C,220,108.343,183.561,50.94328,36.438,60.767,8.017,285.00,43755.00,303.00,
228,21-Nov-14,NO 15/9-F-1 C,220.101,108.332,184.113,50.92782,35.988,59.959,7.572,284.00,43676.00,301.00,
229,22-Nov-14,NO 15/9-F-1 C,219.919,108.327,183.985,50.92714,35.934,57.612,7.507,283.00,43477.00,300.00,
230,23-Nov-14,NO 15/9-F-1 C,221.057,108.185,186.408,50.84676,34.649,56.576,6.222,273.00,42663.00,299.00,
231,24-Nov-14,NO 15/9-F-1 C,229.95,107.679,201.569,26.5295,28.38,45.77,9.3,0.00,0.00,0.00,
232,25-Nov-14,NO 15/9-F-1 C,244.406,104.076,195.3,0,49.105,13.758,48.356,0.00,0.00,0.00,
233,26-Nov-14,NO 15/9-F-1 C,246.393,102.491,177.736,0.26037,68.657,11.027,68.107,0.00,0.00,0.00,
234,27-Nov-14,NO 15/9-F-1 C,252.373,102.35,245.195,7.32565,7.178,9.218,6.763,0.00,0.00,0.00,
235,28-Nov-14,NO 15/9-F-1 C,264.578,102.348,218.7,0.04934,45.878,9.076,45.828,0.00,0.00,0.00,
236,29-Nov-14,NO 15/9-F-1 C,268.789,102.093,187.634,0.04686,81.154,7.862,81.105,0.00,0.00,0.00,
237,30-Nov-14,NO 15/9-F-1 C,247.358,105.829,208.736,35.11649,38.622,34.168,32.537,1.00,251.00,1.00,
238,1-Dec-14,NO 15/9-F-1 C,255.41,105.648,248.866,56.64421,6.545,20.873,2.258,120.00,25857.00,183.00,
239,2-Dec-14,NO 15/9-F-1 C,261.053,102.63,223.608,0.27908,37.445,8.786,34.711,0.00,0.00,0.00,
240,3-Dec-14,NO 15/9-F-1 C,262.684,101.829,212.273,0.25867,50.411,9.589,47.76,0.00,0.00,0.00,
241,4-Dec-14,NO 15/9-F-1 C,264.249,102.946,200.719,9.27,63.531,17.124,56.035,0.00,0.00,0.00,
242,5-Dec-14,NO 15/9-F-1 C,257.446,107.889,183.661,27.03221,73.785,58.496,44.432,0.00,0.00,0.00,
243,6-Dec-14,NO 15/9-F-1 C,269.998,103.164,262.232,0.02195,7.766,11.209,1.955,0.00,0.00,0.00,
244,7-Dec-14,NO 15/9-F-1 C,275.952,102.406,275.88,0.02231,0.072,8.849,5.506,0.00,0.00,0.00,
245,8-Dec-14,NO 15/9-F-1 C,278.687,102.05,278.528,0.0245,0.159,8.047,9.79,0.00,0.00,0.00,
246,9-Dec-14,NO 15/9-F-1 C,281.008,101.824,280.746,0.0122,0.262,7.788,17.717,0.00,0.00,0.00,
247,10-Dec-14,NO 15/9-F-1 C,283.097,101.656,282.636,0.00667,0.461,7.021,17.383,0.00,0.00,0.00,
248,11-Dec-14,NO 15/9-F-1 C,285.061,101.521,284.542,0.01673,0.519,5.452,17.151,0.00,0.00,0.00,
249,12-Dec-14,NO 15/9-F-1 C,286.896,101.409,286.325,0.01967,0.57,5.858,17.036,0.00,0.00,0.00,
250,13-Dec-14,NO 15/9-F-1 C,288.623,101.31,288.012,0.0301,0.611,6.844,16.893,0.00,0.00,0.00,
251,14-Dec-14,NO 15/9-F-1 C,290.254,101.223,289.529,0.02155,0.725,8.212,16.892,0.00,0.00,0.00,
252,15-Dec-14,NO 15/9-F-1 C,291.848,101.145,291.168,0.04302,0.68,6.965,16.942,0.00,0.00,0.00,
253,16-Dec-14,NO 15/9-F-1 C,293.312,101.073,292.648,0,0.664,6.835,17.051,0.00,0.00,0.00,
254,17-Dec-14,NO 15/9-F-1 C,294.709,101.008,294.021,0,0.688,7.839,17.288,0.00,0.00,0.00,
255,18-Dec-14,NO 15/9-F-1 C,296.067,100.947,295.348,0,0.719,8.897,17.196,0.00,0.00,0.00,
256,19-Dec-14,NO 15/9-F-1 C,297.338,100.89,296.601,0,0.736,6.99,16.956,0.00,0.00,0.00,
257,20-Dec-14,NO 15/9-F-1 C,298.522,100.836,297.803,0,0.719,7.236,16.896,0.00,0.00,0.00,
258,21-Dec-14,NO 15/9-F-1 C,299.668,100.787,298.92,0.00378,0.748,8.5,17.013,0.00,0.00,0.00,
259,22-Dec-14,NO 15/9-F-1 C,300.789,100.74,300.048,0.00066,0.741,9.145,17.085,0.00,0.00,0.00,
260,23-Dec-14,NO 15/9-F-1 C,301.897,100.694,301.158,0.0002,0.739,8.33,16.993,0.00,0.00,0.00,
261,24-Dec-14,NO 15/9-F-1 C,302.909,100.652,302.169,0.00021,0.741,7.569,16.951,0.00,0.00,0.00,
262,25-Dec-14,NO 15/9-F-1 C,303.889,100.611,303.156,0,0.733,7.848,16.902,0.00,0.00,0.00,
263,26-Dec-14,NO 15/9-F-1 C,304.878,100.573,304.142,0.00097,0.736,6.953,16.934,0.00,0.00,0.00,
264,27-Dec-14,NO 15/9-F-1 C,305.813,100.535,305.081,0.026,0.733,6.305,16.834,0.00,0.00,0.00,
265,28-Dec-14,NO 15/9-F-1 C,306.697,100.498,305.976,0.01608,0.722,6.996,16.881,0.00,0.00,0.00,
266,29-Dec-14,NO 15/9-F-1 C,307.493,100.464,293.583,0,13.91,8.032,3.864,0.00,0.00,0.00,
267,30-Dec-14,NO 15/9-F-1 C,308.202,100.435,175.767,0,132.435,8.121,114.566,0.00,0.00,0.00,
268,31-Dec-14,NO 15/9-F-1 C,309.332,100.401,175.74,0,133.593,8.929,115.639,0.00,0.00,0.00,
269,1-Jan-15,NO 15/9-F-1 C,298.436,105.301,192.409,44,106.027,21.337,77.947,94.00,16782.00,65.00,
270,2-Jan-15,NO 15/9-F-1 C,292.15,107.43,191.886,45.95212,100.264,45.621,71.457,791.00,118909.00,300.00,
271,3-Jan-15,NO 15/9-F-1 C,279.989,107.896,184.55,47.79895,95.439,60.845,66.337,917.00,148644.00,345.00,
272,4-Jan-15,NO 15/9-F-1 C,271.298,107.912,184.71,47.7101,86.589,57.436,57.671,789.00,115570.00,401.00,
273,5-Jan-15,NO 15/9-F-1 C,265.07,107.94,183.376,47.86731,81.694,56.254,52.702,790.00,115433.00,406.00,
274,6-Jan-15,NO 15/9-F-1 C,258.827,107.946,182.744,47.9725,76.084,59.488,47.361,784.00,113935.00,412.00,
275,7-Jan-15,NO 15/9-F-1 C,254.714,107.882,183.962,47.37565,70.751,53.002,42.013,574.00,84034.00,461.00,
276,8-Jan-15,NO 15/9-F-1 C,251.043,107.878,182.461,48.11145,68.583,54.208,39.637,626.00,90849.00,513.00,
277,9-Jan-15,NO 15/9-F-1 C,247.724,107.561,188.739,36.35494,58.985,48.257,31.619,356.00,51609.00,283.00,
278,10-Jan-15,NO 15/9-F-1 C,244.412,107.638,179.178,40.78885,65.234,54.088,38.019,423.00,61324.00,312.00,
279,11-Jan-15,NO 15/9-F-1 C,243.65,107.788,183.947,47.86851,59.703,54.042,30.228,487.00,70281.00,367.00,
280,12-Jan-15,NO 15/9-F-1 C,239.913,107.881,177.744,49.04302,62.17,53.399,32.878,597.00,86569.00,419.00,
281,13-Jan-15,NO 15/9-F-1 C,234.206,107.908,174.696,50.15571,59.51,56.32,30.121,610.00,88850.00,426.00,
282,14-Jan-15,NO 15/9-F-1 C,230.074,107.536,188.148,55.80191,41.925,43.698,17.784,581.00,85171.00,438.00,
283,15-Jan-15,NO 15/9-F-1 C,230.811,107.82,184.952,50.53954,45.859,53.748,23.546,461.00,66952.00,330.00,
284,16-Jan-15,NO 15/9-F-1 C,229.089,107.822,178.166,48.98548,50.923,52.478,21.419,453.00,64394.00,307.00,
285,17-Jan-15,NO 15/9-F-1 C,228.883,107.817,178.496,48.97446,50.387,52.669,20.969,419.00,61534.00,293.00,
286,18-Jan-15,NO 15/9-F-1 C,228.883,107.817,178.496,48.97446,50.387,52.669,20.969,442.00,64668.00,293.00,
287,19-Jan-15,NO 15/9-F-1 C,228.883,107.817,178.496,48.97446,50.387,52.669,20.969,447.00,65213.00,296.00,
288,20-Jan-15,NO 15/9-F-1 C,224.075,107.209,173.063,29.40022,51.012,52.243,20.406,226.00,33091.00,180.00,
289,21-Jan-15,NO 15/9-F-1 C,226.79,106.085,208.584,18.76533,18.206,18.183,0.412,8.00,1122.00,6.00,
290,22-Jan-15,NO 15/9-F-1 C,234.755,103.117,202.911,0,31.844,7.104,7.864,0.00,0.00,0.00,
291,23-Jan-15,NO 15/9-F-1 C,239.532,102.257,193.241,0,46.292,6.888,19.302,0.00,0.00,0.00,
292,24-Jan-15,NO 15/9-F-1 C,243.039,101.578,177.818,0,65.221,8.406,37.388,0.00,0.00,0.00,
293,25-Jan-15,NO 15/9-F-1 C,249.684,101.358,165.8,0,83.884,8.517,55.539,0.00,0.00,0.00,
294,26-Jan-15,NO 15/9-F-1 C,261.648,101.595,168.766,0,92.883,9.897,64.123,0.00,0.00,0.00,
295,27-Jan-15,NO 15/9-F-1 C,265.823,101.495,170.763,0,95.06,9.717,66.108,0.00,0.00,0.00,
296,28-Jan-15,NO 15/9-F-1 C,268.731,101.377,172.067,0,96.664,7.701,67.625,0.00,0.00,0.00,
297,29-Jan-15,NO 15/9-F-1 C,258.506,103.736,226.872,31.08472,31.634,12.263,3.263,0.00,0.00,0.00,
298,30-Jan-15,NO 15/9-F-1 C,260.211,101.82,231.454,33.57207,28.757,6.011,0.482,0.00,0.00,0.00,
299,31-Jan-15,NO 15/9-F-1 C,263.146,100.63,207.142,0,56.004,9.384,27.689,0.00,0.00,0.00,
300,1-Feb-15,NO 15/9-F-1 C,265.351,100.465,193.004,0,72.347,7.891,43.975,0.00,0.00,0.00,
301,2-Feb-15,NO 15/9-F-1 C,267.762,100.43,183.958,0,83.804,7.705,55.558,0.00,0.00,0.00,
302,3-Feb-15,NO 15/9-F-1 C,276.378,100.719,183.552,0,92.826,8.519,64.589,0.00,0.00,0.00,
303,4-Feb-15,NO 15/9-F-1 C,282.14,100.736,217.459,15.7353,64.681,7.72,45.355,0.00,0.00,0.00,
304,5-Feb-15,NO 15/9-F-1 C,285.124,100.7,284.989,16.22866,0.134,6.162,6.962,0.00,0.00,0.00,
305,6-Feb-15,NO 15/9-F-1 C,286.917,100.659,286.776,0,0.141,8.758,21.22,0.00,0.00,0.00,
306,7-Feb-15,NO 15/9-F-1 C,288.278,100.615,288.11,0,0.169,10.43,17.937,0.00,0.00,0.00,
307,8-Feb-15,NO 15/9-F-1 C,289.512,100.573,289.296,0,0.216,9.448,12.696,0.00,0.00,0.00,
308,9-Feb-15,NO 15/9-F-1 C,273.925,107.035,222.662,21.28229,51.263,42.989,23.065,125.00,20461.00,471.00,
309,10-Feb-15,NO 15/9-F-1 C,266.945,107.795,205.706,48.89648,61.239,62.482,32.592,402.00,61862.00,664.00,
310,11-Feb-15,NO 15/9-F-1 C,259.991,107.911,199.304,48.95931,60.687,56.308,32.162,474.00,72530.00,557.00,
311,12-Feb-15,NO 15/9-F-1 C,254.664,107.941,196.072,48.94512,58.591,58.908,30.123,466.00,71095.00,550.00,
312,13-Feb-15,NO 15/9-F-1 C,248.494,107.055,192.85,48.40793,55.644,58.42,27.307,423.00,64497.00,535.00,
313,14-Feb-15,NO 15/9-F-1 C,247.161,107.928,193.389,49.02483,53.772,62.621,25.173,421.00,64062.00,544.00,
314,15-Feb-15,NO 15/9-F-1 C,242.392,106.969,191.192,48.04527,51.201,58.068,22.877,419.00,63550.00,539.00,
315,16-Feb-15,NO 15/9-F-1 C,242.438,107.906,192.422,49.02818,50.016,56.411,21.455,420.00,63731.00,468.00,
316,17-Feb-15,NO 15/9-F-1 C,240.784,107.897,192.219,46.80373,48.565,53.986,19.97,410.00,62915.00,474.00,
317,18-Feb-15,NO 15/9-F-1 C,237.658,107.979,188.092,50.76397,49.566,54.728,20.958,520.00,77679.00,551.00,
318,19-Feb-15,NO 15/9-F-1 C,230.46,108.072,180.775,52.93472,49.685,62.201,21.087,653.00,97101.00,619.00,
319,20-Feb-15,NO 15/9-F-1 C,226.449,108.035,179.563,53.10688,46.885,64.837,18.078,638.00,95396.00,702.00,
320,21-Feb-15,NO 15/9-F-1 C,223.744,108.019,179.723,53.24234,44.022,68.061,15.424,625.00,93262.00,672.00,
321,22-Feb-15,NO 15/9-F-1 C,222.108,108.01,180.588,53.32469,41.519,63.3,12.915,476.00,70962.00,545.00,
322,23-Feb-15,NO 15/9-F-1 C,221.137,107.998,181.788,53.27325,39.35,56.296,10.717,410.00,61684.00,479.00,
323,24-Feb-15,NO 15/9-F-1 C,219.292,108.041,179.897,55.83619,39.396,63.127,10.438,626.00,92975.00,556.00,
324,25-Feb-15,NO 15/9-F-1 C,211.716,108.177,170.841,60.36797,40.875,74.279,12.052,941.00,137836.00,771.00,
325,26-Feb-15,NO 15/9-F-1 C,208.736,108.164,171.626,60.36062,37.11,68.831,8.465,738.00,108413.00,623.00,
326,27-Feb-15,NO 15/9-F-1 C,208.16,108.104,174.593,47.62035,33.568,61.428,4.964,400.00,59444.00,424.00,
327,28-Feb-15,NO 15/9-F-1 C,214.945,104.493,159.586,0,55.36,7.753,28.936,0.00,0.00,0.00,
328,1-Mar-15,NO 15/9-F-1 C,220.501,103.265,158.603,0,61.898,7.561,34.533,0.00,0.00,0.00,
329,2-Mar-15,NO 15/9-F-1 C,225.388,102.678,158.707,0,66.68,8.615,38.71,0.00,0.00,0.00,
330,3-Mar-15,NO 15/9-F-1 C,230.093,102.319,160.069,0,70.024,7.035,41.462,0.00,0.00,0.00,
331,4-Mar-15,NO 15/9-F-1 C,225.526,97.88,154.946,0,70.58,7.617,42.531,0.00,0.00,0.00,
332,5-Mar-15,NO 15/9-F-1 C,239.261,101.761,162.051,0,77.21,8.452,47.479,0.00,0.00,0.00,
333,6-Mar-15,NO 15/9-F-1 C,243.178,101.472,164.537,0.89994,78.641,8.413,49.404,0.00,0.00,0.00,
334,7-Mar-15,NO 15/9-F-1 C,247.131,101.206,219.898,0.10256,27.233,10.304,21.405,0.00,0.00,0.00,
335,8-Mar-15,NO 15/9-F-1 C,254.258,100.795,178.609,0,75.649,12.177,67.46,0.00,0.00,0.00,
336,9-Mar-15,NO 15/9-F-1 C,264.922,101.115,177.238,0,87.684,8.303,76.193,0.00,0.00,0.00,
337,10-Mar-15,NO 15/9-F-1 C,269.466,101.092,178.508,0,90.958,9.554,79.521,0.00,0.00,0.00,
338,11-Mar-15,NO 15/9-F-1 C,272.238,101.035,179.278,0,92.96,8.79,81.511,0.00,0.00,0.00,
339,12-Mar-15,NO 15/9-F-1 C,275.019,100.972,180.061,0,94.958,8.511,83.472,0.00,0.00,0.00,
340,13-Mar-15,NO 15/9-F-1 C,277.665,100.909,180.78,0,96.885,7.726,85.393,0.00,0.00,0.00,
341,14-Mar-15,NO 15/9-F-1 C,280.231,100.847,181.448,0,98.783,8.075,87.309,0.00,0.00,0.00,
342,15-Mar-15,NO 15/9-F-1 C,282.771,100.79,182.077,0,100.694,8.817,89.174,0.00,0.00,0.00,
343,16-Mar-15,NO 15/9-F-1 C,284.848,100.734,182.593,0,102.255,8.817,83.465,0.00,0.00,0.00,
344,17-Mar-15,NO 15/9-F-1 C,286.797,100.683,183.057,0,103.74,9.184,79.284,0.00,0.00,0.00,
345,18-Mar-15,NO 15/9-F-1 C,269.115,106.697,231.804,19.21894,37.312,47.54,18.623,92.00,13339.00,412.00,
346,19-Mar-15,NO 15/9-F-1 C,260.264,107.953,222.062,51.613,38.202,68.475,21.497,216.00,31636.00,1040.00,
347,20-Mar-15,NO 15/9-F-1 C,252.946,108.14,211.758,51.83248,41.188,70.304,24.524,223.00,32484.00,1131.00,
348,21-Mar-15,NO 15/9-F-1 C,246.419,108.176,203.144,51.95842,43.275,72.432,24.557,226.00,32819.00,1066.00,
349,22-Mar-15,NO 15/9-F-1 C,241.947,108.157,198.658,53.5453,43.289,59.768,14.724,385.00,58379.00,759.00,
350,23-Mar-15,NO 15/9-F-1 C,238.198,108.14,196.347,53.51642,41.852,65.737,13.361,343.00,53457.00,698.00,
351,24-Mar-15,NO 15/9-F-1 C,235.289,108.118,194.722,53.53941,40.568,68.67,12.083,356.00,54801.00,798.00,
352,25-Mar-15,NO 15/9-F-1 C,232.311,108.131,192.601,54.71945,39.71,69.842,11.072,448.00,67646.00,898.00,
353,26-Mar-15,NO 15/9-F-1 C,223.935,108.245,184.038,60.03832,39.897,75.168,8.737,609.00,89539.00,873.00,
354,27-Mar-15,NO 15/9-F-1 C,220.575,108.192,182.846,59.87418,37.728,71.974,6.665,619.00,89062.00,855.00,
355,28-Mar-15,NO 15/9-F-1 C,217.491,108.185,181.027,59.89556,36.464,68.136,6.993,565.00,75663.00,782.00,
356,29-Mar-15,NO 15/9-F-1 C,214.867,108.176,179.833,57.2328,35.034,72.433,6.426,551.00,79170.00,757.00,
357,30-Mar-15,NO 15/9-F-1 C,212.165,108.204,177.885,63.47054,34.28,72.811,5.299,624.00,90173.00,779.00,
358,31-Mar-15,NO 15/9-F-1 C,208.367,108.215,175.393,65.01727,32.974,73.494,4.235,623.00,88514.00,759.00,
359,1-Apr-15,NO 15/9-F-1 C,211.3,107.041,182.844,17.94654,28.456,34.814,0.523,58.00,8422.00,72.00,
360,2-Apr-15,NO 15/9-F-1 C,221.507,103.488,179.767,0.35101,41.74,9.686,13.988,0.00,0.00,0.00,
361,3-Apr-15,NO 15/9-F-1 C,226.788,102.746,178.351,0.31899,48.437,10.282,18.532,0.00,0.00,0.00,
362,4-Apr-15,NO 15/9-F-1 C,231.52,102.311,178.231,0.30082,53.289,8.946,21.599,0.00,0.00,0.00,
363,5-Apr-15,NO 15/9-F-1 C,236.028,101.881,176.223,0.29972,59.806,8.631,28.022,0.00,0.00,0.00,
364,6-Apr-15,NO 15/9-F-1 C,237.98,101.669,167.808,0.31376,70.172,9.639,40.15,0.00,0.00,0.00,
365,7-Apr-15,NO 15/9-F-1 C,241.965,101.117,158.189,0.30342,83.776,9.6,54.242,0.00,0.00,0.00,
366,8-Apr-15,NO 15/9-F-1 C,256.405,101.338,162.28,0.30742,94.125,10.7,64.874,0.00,0.00,0.00,
367,9-Apr-15,NO 15/9-F-1 C,263.096,101.291,164.779,0.29358,98.317,8.077,69.244,0.00,0.00,0.00,
368,10-Apr-15,NO 15/9-F-1 C,266.314,101.196,166.055,0.26571,100.258,8.448,71.282,0.00,0.00,0.00,
369,11-Apr-15,NO 15/9-F-1 C,269.169,101.111,167.197,0.24146,101.973,8.785,73.17,0.00,0.00,0.00,
370,12-Apr-15,NO 15/9-F-1 C,272.01,101.033,168.234,0.24098,103.776,8.049,74.804,0.00,0.00,0.00,
371,13-Apr-15,NO 15/9-F-1 C,274.895,100.96,169.272,0.23666,105.623,8.821,76.695,0.00,0.00,0.00,
372,14-Apr-15,NO 15/9-F-1 C,277.401,100.892,170.073,0.27624,107.328,8.98,78.313,0.00,0.00,0.00,
373,15-Apr-15,NO 15/9-F-1 C,280.046,100.831,170.962,0.26275,109.085,10.291,79.844,0.00,0.00,0.00,
374,16-Apr-15,NO 15/9-F-1 C,282.627,100.771,171.795,0.25917,110.832,11.491,81.576,0.00,0.00,0.00,
375,17-Apr-15,NO 15/9-F-1 C,285.053,100.716,172.436,0.27304,112.617,12.199,83.164,0.00,0.00,0.00,
376,18-Apr-15,NO 15/9-F-1 C,287.457,100.667,173.121,0.26261,114.335,12.455,84.953,0.00,0.00,0.00,
377,19-Apr-15,NO 15/9-F-1 C,289.779,100.618,173.716,0.21968,116.063,12.304,86.594,0.00,0.00,0.00,
378,20-Apr-15,NO 15/9-F-1 C,275.587,106.038,238.976,31.69057,36.611,31.721,18.502,82.00,11893.00,491.00,
379,21-Apr-15,NO 15/9-F-1 C,262.874,108.015,229.997,52.61599,32.877,74.117,20.161,173.00,25444.00,1263.00,
380,22-Apr-15,NO 15/9-F-1 C,253.767,108.159,216.692,52.59735,37.075,76.614,21.689,268.00,39276.00,1093.00,
381,23-Apr-15,NO 15/9-F-1 C,248.853,108.145,209.488,52.65872,39.365,72.492,15.133,320.00,46340.00,879.00,
382,24-Apr-15,NO 15/9-F-1 C,246.511,108.107,206.765,52.65302,39.746,66.226,10.816,319.00,46150.00,877.00,
383,25-Apr-15,NO 15/9-F-1 C,243.7,108.111,204.348,52.70381,39.352,67.093,10.42,341.00,49280.00,823.00,
384,26-Apr-15,NO 15/9-F-1 C,241.288,108.102,202.559,52.70324,38.729,67.047,9.822,340.00,49138.00,771.00,
385,27-Apr-15,NO 15/9-F-1 C,236.871,108.197,198.189,55.26661,38.681,70.359,9.703,397.00,57219.00,899.00,
386,28-Apr-15,NO 15/9-F-1 C,232.028,108.227,194.033,56.90749,37.995,71.304,8.996,444.00,63898.00,911.00,
387,29-Apr-15,NO 15/9-F-1 C,224.943,108.289,187.745,59.77122,37.198,76.527,8.285,575.00,82467.00,814.00,
388,30-Apr-15,NO 15/9-F-1 C,219.367,108.284,183.724,62.13158,35.643,77.135,6.734,608.00,87181.00,921.00,
389,1-May-15,NO 15/9-F-1 C,213.641,108.289,179.567,65.01906,34.073,77.72,5.309,665.00,94869.00,926.00,
390,2-May-15,NO 15/9-F-1 C,210.479,108.264,178.239,68.38615,32.24,76.68,3.58,621.00,88496.00,869.00,
391,3-May-15,NO 15/9-F-1 C,209.442,108.233,178.184,28.40513,31.258,75.01,2.678,212.00,30483.00,299.00,
392,4-May-15,NO 15/9-F-1 C,222.564,103.89,156.411,0,66.153,10.582,37.259,0.00,0.00,0.00,
393,5-May-15,NO 15/9-F-1 C,228.487,102.973,158.353,0,70.133,9.775,57.947,0.00,0.00,0.00,
394,6-May-15,NO 15/9-F-1 C,233.351,102.4,159.002,0,74.348,9.158,72.731,0.00,0.00,0.00,
395,7-May-15,NO 15/9-F-1 C,237.828,101.922,157.317,0,80.511,10.107,79.061,0.00,0.00,0.00,
396,8-May-15,NO 15/9-F-1 C,243.559,101.639,154.775,0,88.784,10.24,87.425,0.00,0.00,0.00,
397,9-May-15,NO 15/9-F-1 C,255.884,101.667,159.05,0,96.834,9.687,95.614,0.00,0.00,0.00,
398,10-May-15,NO 15/9-F-1 C,261.716,101.516,161.414,0,100.302,10.096,95.378,0.00,0.00,0.00,
399,11-May-15,NO 15/9-F-1 C,265.168,101.383,162.718,0,102.45,10.109,95.045,0.00,0.00,0.00,
400,12-May-15,NO 15/9-F-1 C,268.499,101.268,164.015,0,104.484,9.884,97.055,0.00,0.00,0.00,
401,13-May-15,NO 15/9-F-1 C,271.381,101.165,165.139,0,106.242,11.148,86.789,0.00,0.00,0.00,
402,14-May-15,NO 15/9-F-1 C,274.266,101.074,166.212,0,108.055,11.491,78.96,0.00,0.00,0.00,
403,15-May-15,NO 15/9-F-1 C,276.843,100.991,167.138,0,109.705,10.602,80.609,0.00,0.00,0.00,
404,16-May-15,NO 15/9-F-1 C,279.081,100.915,167.892,0,111.189,9.985,82.09,0.00,0.00,0.00,
405,17-May-15,NO 15/9-F-1 C,281.35,100.848,168.649,0,112.701,11.1,83.604,0.00,0.00,0.00,
406,18-May-15,NO 15/9-F-1 C,283.691,100.787,169.398,0,114.293,9.374,85.189,0.00,0.00,0.00,
407,19-May-15,NO 15/9-F-1 C,285.938,100.728,170.126,0,115.812,9.065,86.696,0.00,0.00,0.00,
408,20-May-15,NO 15/9-F-1 C,287.891,100.673,170.732,0,117.159,11.134,88.061,0.00,0.00,0.00,
409,21-May-15,NO 15/9-F-1 C,289.624,100.623,171.236,0,118.387,11.216,89.303,0.00,0.00,0.00,
410,22-May-15,NO 15/9-F-1 C,264.551,107.264,235.451,22.22339,29.099,66.361,12.029,143.00,20890.00,228.00,
411,23-May-15,NO 15/9-F-1 C,249.195,108.201,220.216,73.66493,28.979,83.42,6.574,503.00,76175.00,768.00,
412,24-May-15,NO 15/9-F-1 C,235.035,108.32,199.966,68.76319,35.069,78.997,5.73,537.00,78843.00,864.00,
413,25-May-15,NO 15/9-F-1 C,233.431,108.169,197.156,57.35183,36.274,74.119,7.481,505.00,74291.00,803.00,
414,26-May-15,NO 15/9-F-1 C,232.597,108.103,197.785,56.38097,34.812,70.583,6.06,353.00,51938.00,762.00,
415,27-May-15,NO 15/9-F-1 C,232.834,107.774,200.665,56.46453,32.169,56.428,3.482,294.00,43077.00,647.00,
416,28-May-15,NO 15/9-F-1 C,238.93,105.42,210.24,0,28.689,13.533,0.025,0.00,0.00,0.00,
417,29-May-15,NO 15/9-F-1 C,246.977,102.152,187.044,0.21993,59.933,10.319,31.274,0.00,0.00,0.00,
418,30-May-15,NO 15/9-F-1 C,250.832,101.504,173.19,0.18304,77.642,11.497,48.987,0.00,0.00,0.00,
419,31-May-15,NO 15/9-F-1 C,256.606,101.34,167.865,0.16632,88.741,12.125,60.083,0.00,0.00,0.00,
420,1-Jun-15,NO 15/9-F-1 C,267.1,101.387,170.836,0.15959,96.264,10.488,67.581,0.00,0.00,0.00,
421,2-Jun-15,NO 15/9-F-1 C,272.3,101.241,172.639,0.15192,99.661,9.238,70.953,0.00,0.00,0.00,
422,3-Jun-15,NO 15/9-F-1 C,275.183,101.107,173.654,0.12981,101.529,11.7,72.845,0.00,0.00,0.00,
423,4-Jun-15,NO 15/9-F-1 C,277.793,101.001,174.521,0.13844,103.272,12.597,74.601,0.00,0.00,0.00,
424,5-Jun-15,NO 15/9-F-1 C,280.277,100.906,175.32,0.11343,104.957,13.014,76.273,0.00,0.00,0.00,
425,6-Jun-15,NO 15/9-F-1 C,282.43,100.817,175.978,0.13806,106.452,11.144,77.76,0.00,0.00,0.00,
426,7-Jun-15,NO 15/9-F-1 C,284.312,100.743,176.612,0.11709,107.7,12.144,101.218,0.00,0.00,0.00,
427,8-Jun-15,NO 15/9-F-1 C,286.122,100.676,177.15,0.09387,108.973,12.9,102.434,0.00,0.00,0.00,
428,9-Jun-15,NO 15/9-F-1 C,287.872,100.618,177.613,0.09387,110.259,13.896,103.692,0.00,0.00,0.00,
429,10-Jun-15,NO 15/9-F-1 C,289.517,100.564,178.059,0.08312,111.457,14.117,97.871,0.00,0.00,0.00,
430,11-Jun-15,NO 15/9-F-1 C,272.691,106.904,239.07,22.75783,33.621,43.105,16.677,83.00,12120.00,435.00,
431,12-Jun-15,NO 15/9-F-1 C,259.989,107.945,226.55,60.86207,33.439,74.249,5.695,213.00,31055.00,1287.00,
432,13-Jun-15,NO 15/9-F-1 C,253.845,108.068,217.278,54.85205,36.567,74.568,8.827,256.00,36917.00,1013.00,
433,14-Jun-15,NO 15/9-F-1 C,251.027,108.025,212.335,51.82022,38.693,67.98,10.961,235.00,34214.00,747.00,
434,15-Jun-15,NO 15/9-F-1 C,248.768,108.022,209.878,51.7525,38.89,66.476,11.153,240.00,34789.00,703.00,
435,16-Jun-15,NO 15/9-F-1 C,246.559,107.989,208.354,51.48279,38.206,63.713,10.496,245.00,35543.00,604.00,
436,17-Jun-15,NO 15/9-F-1 C,245.202,107.96,207.843,51.35456,37.359,60.131,9.604,221.00,32378.00,550.00,
437,18-Jun-15,NO 15/9-F-1 C,243.781,107.963,207.09,51.82289,36.692,62.832,8.926,223.00,32481.00,545.00,
438,19-Jun-15,NO 15/9-F-1 C,242.223,107.977,206.114,52.09688,36.108,63.521,8.346,230.00,34081.00,555.00,
439,20-Jun-15,NO 15/9-F-1 C,240.638,107.984,205.192,52.4484,35.446,63.169,7.692,219.00,32412.00,556.00,
440,21-Jun-15,NO 15/9-F-1 C,239.848,107.956,205.379,52.69465,34.47,62.145,6.703,205.00,30485.00,536.00,
441,22-Jun-15,NO 15/9-F-1 C,238.533,108.004,203.96,53.39162,34.572,64.545,6.813,211.00,31256.00,549.00,
442,23-Jun-15,NO 15/9-F-1 C,234.811,108.148,199.129,55.36181,35.682,70.451,7.941,338.00,49948.00,746.00,
443,24-Jun-15,NO 15/9-F-1 C,228.969,108.224,192.653,56.58419,36.317,74.714,8.626,422.00,62161.00,823.00,
444,25-Jun-15,NO 15/9-F-1 C,226.215,108.169,191.41,56.5621,34.805,73.234,7.137,388.00,57125.00,711.00,
445,26-Jun-15,NO 15/9-F-1 C,224.206,108.162,190.428,58.21413,33.778,72.321,5.959,447.00,65356.00,765.00,
446,27-Jun-15,NO 15/9-F-1 C,221.041,108.196,187.735,60.8889,33.306,73.683,4.774,436.00,63621.00,747.00,
447,28-Jun-15,NO 15/9-F-1 C,218.237,108.216,185.836,62.82589,32.401,72.15,3.913,452.00,66072.00,751.00,
448,29-Jun-15,NO 15/9-F-1 C,213.81,108.287,181.869,69.60882,31.941,75.974,3.603,635.00,91315.00,974.00,
449,30-Jun-15,NO 15/9-F-1 C,207.219,108.32,176.362,73.33077,30.857,77.129,3.123,645.00,92007.00,951.00,
450,1-Jul-15,NO 15/9-F-1 C,211.121,107.516,183.435,10.21,27.686,41.206,0.492,16.00,2297.00,26.00,
451,2-Jul-15,NO 15/9-F-1 C,223.997,103.61,175.686,0,48.31,16.358,21.775,0.00,0.00,0.00,
452,3-Jul-15,NO 15/9-F-1 C,229.863,102.835,174.753,0,55.11,15.765,27.639,0.00,0.00,0.00,
453,4-Jul-15,NO 15/9-F-1 C,234.76,102.269,171.159,0,63.601,15.627,36.179,0.00,0.00,0.00,
454,5-Jul-15,NO 15/9-F-1 C,238.998,101.855,166.09,0,72.908,14.333,45.424,0.00,0.00,0.00,
455,6-Jul-15,NO 15/9-F-1 C,243.327,101.521,160.629,0,82.699,16.023,55.078,0.00,0.00,0.00,
456,7-Jul-15,NO 15/9-F-1 C,250.521,101.443,157.463,0,93.058,15.411,65.531,0.00,0.00,0.00,
457,8-Jul-15,NO 15/9-F-1 C,261.363,101.526,161.255,0,100.108,15.387,72.483,0.00,0.00,0.00,
458,9-Jul-15,NO 15/9-F-1 C,266.491,101.418,163.245,0,103.247,13.99,75.719,0.00,0.00,0.00,
459,10-Jul-15,NO 15/9-F-1 C,269.74,101.314,164.436,0,105.304,14.193,77.858,0.00,0.00,0.00,
460,11-Jul-15,NO 15/9-F-1 C,272.552,101.224,165.447,0,107.105,14.173,79.63,0.00,0.00,0.00,
461,12-Jul-15,NO 15/9-F-1 C,275.278,101.139,166.448,0,108.83,14.495,81.22,0.00,0.00,0.00,
462,13-Jul-15,NO 15/9-F-1 C,277.849,101.061,167.346,0,110.503,15.645,82.729,0.00,0.00,0.00,
463,14-Jul-15,NO 15/9-F-1 C,280.24,100.986,168.151,0,112.09,16.731,83.87,0.00,0.00,0.00,
464,15-Jul-15,NO 15/9-F-1 C,282.433,100.918,168.897,0,113.535,17.002,85.413,0.00,0.00,0.00,
465,16-Jul-15,NO 15/9-F-1 C,284.584,100.858,169.593,0,114.991,17.192,86.894,0.00,0.00,0.00,
466,17-Jul-15,NO 15/9-F-1 C,286.93,100.8,170.342,0,116.588,15.565,88.854,0.00,0.00,0.00,
467,18-Jul-15,NO 15/9-F-1 C,288.936,100.74,170.96,0,117.976,13.542,90.351,0.00,0.00,0.00,
468,19-Jul-15,NO 15/9-F-1 C,290.724,100.691,171.555,0,119.169,13.934,91.644,0.00,0.00,0.00,
469,20-Jul-15,NO 15/9-F-1 C,292.301,100.645,172.037,0,120.264,14.788,92.882,0.00,0.00,0.00,
470,21-Jul-15,NO 15/9-F-1 C,293.689,100.595,173.867,0,119.822,13.989,91.923,0.00,0.00,0.00,
471,22-Jul-15,NO 15/9-F-1 C,268.879,107.548,240.576,55.01502,28.303,64.064,10.207,111.00,16834.00,1201.00,
472,23-Jul-15,NO 15/9-F-1 C,257.853,108.119,228.911,76.03493,28.941,73.507,1.654,166.00,25057.00,1350.00,
473,24-Jul-15,NO 15/9-F-1 C,248.657,108.212,216.193,62.36531,32.464,77.298,4.817,265.00,39859.00,1152.00,
474,25-Jul-15,NO 15/9-F-1 C,248.316,108.076,213.898,53.82786,34.418,70.602,7.172,204.00,30789.00,744.00,
475,26-Jul-15,NO 15/9-F-1 C,245.789,108.097,211.314,53.7594,34.475,69.989,7.227,230.00,34488.00,734.00,
476,27-Jul-15,NO 15/9-F-1 C,243.756,108.078,209.601,53.47775,34.155,68.881,6.91,228.00,34207.00,678.00,
477,28-Jul-15,NO 15/9-F-1 C,242.079,108.059,208.544,53.41421,33.535,67.504,6.283,224.00,33825.00,671.00,
478,29-Jul-15,NO 15/9-F-1 C,241.095,108.014,208.547,53.511,32.548,65.375,5.283,183.00,27538.00,580.00,
479,30-Jul-15,NO 15/9-F-1 C,240.008,108.035,207.54,54.51367,32.468,65.545,5.197,202.00,30240.00,609.00,
480,31-Jul-15,NO 15/9-F-1 C,237.156,108.13,204.267,56.36182,32.889,67.562,5.46,267.00,40044.00,709.00,
481,1-Aug-15,NO 15/9-F-1 C,231.57,108.245,197.857,58.64993,33.713,68.344,5.978,350.00,52297.00,826.00,
482,2-Aug-15,NO 15/9-F-1 C,229.023,108.174,196.685,58.55974,32.338,67.774,4.701,323.00,48064.00,713.00,
483,3-Aug-15,NO 15/9-F-1 C,225.786,108.216,193.707,62.10371,32.079,73.148,3.929,385.00,57759.00,820.00,
484,4-Aug-15,NO 15/9-F-1 C,220.5,108.253,188.267,63.75049,32.233,73.749,3.898,444.00,66824.00,845.00,
485,5-Aug-15,NO 15/9-F-1 C,213.109,108.292,182.85,70.87811,30.259,72.729,5.832,733.00,107840.00,1147.00,
486,6-Aug-15,NO 15/9-F-1 C,208.74,108.277,179.073,73.5162,29.667,75.583,2.392,583.00,86710.00,876.00,
487,7-Aug-15,NO 15/9-F-1 C,210.435,108.143,183.607,11.82626,26.828,71.096,1.197,54.00,8198.00,107.00,
488,8-Aug-15,NO 15/9-F-1 C,224.068,103.672,160.319,0,63.749,16.51,43.912,0.00,0.00,0.00,
489,9-Aug-15,NO 15/9-F-1 C,229.907,102.826,160.271,0,69.636,15.272,50.858,0.00,0.00,0.00,
490,10-Aug-15,NO 15/9-F-1 C,234.763,102.211,156.922,0,77.841,15.793,59.5,0.00,0.00,0.00,
491,11-Aug-15,NO 15/9-F-1 C,239.639,101.868,152.926,0,86.713,15.592,68.716,0.00,0.00,0.00,
492,12-Aug-15,NO 15/9-F-1 C,251.347,101.902,156.565,0,94.782,15.524,76.946,0.00,0.00,0.00,
493,13-Aug-15,NO 15/9-F-1 C,258.846,101.751,159.646,0,99.201,15.328,81.379,0.00,0.00,0.00,
494,14-Aug-15,NO 15/9-F-1 C,262.695,101.598,161.259,0,101.436,16.613,83.718,0.00,0.00,0.00,
495,15-Aug-15,NO 15/9-F-1 C,266.106,101.469,162.625,0,103.481,16.555,85.79,0.00,0.00,0.00,
496,16-Aug-15,NO 15/9-F-1 C,269.289,101.357,163.907,0,105.381,17.447,87.446,0.00,0.00,0.00,
497,17-Aug-15,NO 15/9-F-1 C,272.294,101.256,165.037,0,107.257,18.079,89.036,0.00,0.00,0.00,
498,18-Aug-15,NO 15/9-F-1 C,274.827,101.163,165.905,0,108.922,17.402,90.029,0.00,0.00,0.00,
499,19-Aug-15,NO 15/9-F-1 C,277.311,101.082,166.758,0,110.554,17.264,90.703,0.00,0.00,0.00,
500,20-Aug-15,NO 15/9-F-1 C,280.006,101.008,167.69,0,112.316,16.509,91.513,0.00,0.00,0.00,
501,21-Aug-15,NO 15/9-F-1 C,282.403,100.951,223.089,20.25874,59.314,16.104,43.056,0.00,0.00,0.00,
502,22-Aug-15,NO 15/9-F-1 C,284.682,100.876,284.682,19.4138,0,16.739,0,0.00,0.00,0.00,
503,23-Aug-15,NO 15/9-F-1 C,286.53,100.812,286.53,0.49005,0,17.806,0,0.00,0.00,0.00,
504,24-Aug-15,NO 15/9-F-1 C,288.069,100.757,288.069,0.46119,0,17.93,0,0.00,0.00,0.00,
505,25-Aug-15,NO 15/9-F-1 C,289.661,100.706,283.833,9.51871,5.828,26.043,1.009,0.00,0.00,0.00,
506,26-Aug-15,NO 15/9-F-1 C,291.142,100.659,286.348,19.52653,4.794,28.181,0.23,0.00,0.00,0.00,
507,27-Aug-15,NO 15/9-F-1 C,292.638,100.614,292.635,0.11849,0.002,14.91,0.044,0.00,0.00,0.00,
508,28-Aug-15,NO 15/9-F-1 C,293.821,100.571,293.8,0.10666,0.021,14.047,0.021,0.00,0.00,0.00,
509,29-Aug-15,NO 15/9-F-1 C,281.83,95.876,281.786,0.09115,0.044,14.692,0.044,0.00,0.00,0.00,
510,30-Aug-15,NO 15/9-F-1 C,295.939,100.494,295.885,0.09078,0.054,14.517,0.054,0.00,0.00,0.00,
511,31-Aug-15,NO 15/9-F-1 C,296.511,100.322,296.511,0.09185,0,15.409,14.259,0.00,0.00,0.00,
512,1-Sep-15,NO 15/9-F-1 C,297.826,100.426,296.761,0.09107,1.065,23.103,27.573,0.00,0.00,0.00,
513,2-Sep-15,NO 15/9-F-1 C,298.742,100.368,275.286,0.08241,23.456,21.61,5.366,0.00,0.00,0.00,
514,3-Sep-15,NO 15/9-F-1 C,297.712,99.903,204.629,0.06951,93.082,19.64,63.319,0.00,0.00,0.00,
515,4-Sep-15,NO 15/9-F-1 C,277.589,107.375,244.14,38.671,33.449,58.746,9.028,177.00,27384.00,934.00,
516,5-Sep-15,NO 15/9-F-1 C,265.459,108.038,231.905,58.93306,33.554,78.656,6.862,291.00,44064.00,1417.00,
517,6-Sep-15,NO 15/9-F-1 C,258.201,108.095,222.722,55.80774,35.48,76.71,8.779,344.00,51698.00,1069.00,
518,7-Sep-15,NO 15/9-F-1 C,253.934,108.097,217.285,53.85619,36.649,73.612,9.977,360.00,53949.00,983.00,
519,8-Sep-15,NO 15/9-F-1 C,250.729,108.086,214.033,53.287,36.696,71.531,10.044,370.00,55458.00,855.00,
520,9-Sep-15,NO 15/9-F-1 C,247.68,108.084,211.453,53.28875,36.228,70.847,9.566,370.00,55321.00,819.00,
521,10-Sep-15,NO 15/9-F-1 C,245.182,108.066,209.838,53.2937,35.344,69.525,8.694,356.00,53159.00,754.00,
522,11-Sep-15,NO 15/9-F-1 C,243.32,108.032,209.228,53.26503,34.092,67.374,7.436,335.00,50331.00,707.00,
523,12-Sep-15,NO 15/9-F-1 C,239.657,108.141,205.556,55.98024,34.101,71.443,7.378,397.00,58901.00,858.00,
524,13-Sep-15,NO 15/9-F-1 C,235.341,108.161,201.878,56.80937,33.463,70.463,6.754,412.00,60948.00,840.00,
525,14-Sep-15,NO 15/9-F-1 C,232.748,108.14,200.329,57.74957,32.419,71.879,5.639,427.00,64122.00,818.00,
526,15-Sep-15,NO 15/9-F-1 C,228.465,108.187,196.545,60.30909,31.921,73.625,4.947,434.00,64317.00,891.00,
527,16-Sep-15,NO 15/9-F-1 C,225.027,108.177,193.947,62.16607,31.081,73.849,3.963,439.00,64702.00,888.00,
528,17-Sep-15,NO 15/9-F-1 C,220.583,108.213,189.576,65.79759,31.007,76.781,3.372,515.00,76529.00,931.00,
529,18-Sep-15,NO 15/9-F-1 C,214.004,108.285,183.171,77.67799,30.833,79.779,2.251,615.00,89918.00,1061.00,
530,19-Sep-15,NO 15/9-F-1 C,211.502,108.073,182.975,93.63543,28.527,72.66,1.08,510.00,74359.00,766.00,
531,20-Sep-15,NO 15/9-F-1 C,217.541,105.905,192.876,34.85313,24.665,29.356,0.194,109.00,16389.00,176.00,
532,21-Sep-15,NO 15/9-F-1 C,227.646,103.362,192.465,0.00014,35.181,15.718,6.683,0.00,0.00,0.00,
533,22-Sep-15,NO 15/9-F-1 C,229.312,100.878,185.416,0,43.896,15.032,14.138,0.00,0.00,0.00,
534,23-Sep-15,NO 15/9-F-1 C,237.531,101.973,181.655,0,55.876,16.347,25.187,0.00,0.00,0.00,
535,24-Sep-15,NO 15/9-F-1 C,242.007,101.519,172.065,0,69.942,13.459,39.36,0.00,0.00,0.00,
536,25-Sep-15,NO 15/9-F-1 C,246.114,101.261,164.262,0,81.852,14.019,51.216,0.00,0.00,0.00,
537,26-Sep-15,NO 15/9-F-1 C,254.843,101.435,164.423,0,90.42,16.226,59.685,0.00,0.00,0.00,
538,27-Sep-15,NO 15/9-F-1 C,263.273,101.4,167.45,0,95.823,15.414,64.931,0.00,0.00,0.00,
539,28-Sep-15,NO 15/9-F-1 C,268.063,101.301,169.143,0,98.921,14.346,68.191,0.00,0.00,0.00,
540,29-Sep-15,NO 15/9-F-1 C,271.155,101.203,170.18,0,100.975,13.93,70.435,0.00,0.00,0.00,
541,30-Sep-15,NO 15/9-F-1 C,273.993,101.117,171.16,0,102.833,13.755,72.19,0.00,0.00,0.00,
542,1-Oct-15,NO 15/9-F-1 C,276.828,101.039,172.128,0,104.701,13.892,74.045,0.00,0.00,0.00,
543,2-Oct-15,NO 15/9-F-1 C,279.435,100.965,172.986,0,106.449,13.771,75.795,0.00,0.00,0.00,
544,3-Oct-15,NO 15/9-F-1 C,281.727,100.897,173.672,0,108.055,14.272,77.336,0.00,0.00,0.00,
545,4-Oct-15,NO 15/9-F-1 C,283.897,100.834,174.285,0,109.612,15.111,78.717,0.00,0.00,0.00,
546,5-Oct-15,NO 15/9-F-1 C,285.951,100.777,174.861,0,111.09,15.993,80.38,0.00,0.00,0.00,
547,6-Oct-15,NO 15/9-F-1 C,287.912,100.724,175.418,0,112.494,15.122,81.923,0.00,0.00,0.00,
548,7-Oct-15,NO 15/9-F-1 C,289.486,100.674,175.937,0,113.55,13.661,83.215,0.00,0.00,0.00,
549,8-Oct-15,NO 15/9-F-1 C,290.999,100.626,176.372,0,114.627,13.885,84.24,0.00,0.00,0.00,
550,9-Oct-15,NO 15/9-F-1 C,292.485,100.583,176.762,0,115.723,14.977,85.064,0.00,0.00,0.00,
551,10-Oct-15,NO 15/9-F-1 C,293.909,100.542,177.147,0,116.761,14.337,86.252,0.00,0.00,0.00,
552,11-Oct-15,NO 15/9-F-1 C,295.269,100.504,177.485,0,117.783,13.501,87.462,0.00,0.00,0.00,
553,12-Oct-15,NO 15/9-F-1 C,296.522,100.467,177.85,0,118.672,12.261,88.499,0.00,0.00,0.00,
554,13-Oct-15,NO 15/9-F-1 C,297.575,100.43,178.059,0,119.515,13.555,89.083,0.00,0.00,0.00,
555,14-Oct-15,NO 15/9-F-1 C,282.495,105.6,227.809,13.45897,54.686,35.887,31.837,68.00,10292.00,231.00,
556,15-Oct-15,NO 15/9-F-1 C,266.729,107.903,239.883,59.00992,26.846,79.765,8.119,106.00,16147.00,1645.00,
557,16-Oct-15,NO 15/9-F-1 C,257.855,108.053,228.379,55.37971,29.476,80.058,10.756,158.00,23820.00,1229.00,
558,17-Oct-15,NO 15/9-F-1 C,254.754,108.005,222.526,51.61287,32.229,72.926,13.503,154.00,23111.00,862.00,
559,18-Oct-15,NO 15/9-F-1 C,253.1,107.963,220.286,50.16503,32.814,69.051,14.093,150.00,22354.00,715.00,
560,19-Oct-15,NO 15/9-F-1 C,248.919,108.092,215.461,52.31617,33.458,72.877,14.754,225.00,33845.00,861.00,
561,20-Oct-15,NO 15/9-F-1 C,244.906,108.088,211.133,51.12082,33.773,69.84,15.092,221.00,33090.00,816.00,
562,21-Oct-15,NO 15/9-F-1 C,243.212,108.031,210.343,52.8942,32.869,61.205,9.907,208.00,31225.00,702.00,
563,22-Oct-15,NO 15/9-F-1 C,240.393,108.07,208.128,55.40025,32.265,64.322,6.161,218.00,32598.00,699.00,
564,23-Oct-15,NO 15/9-F-1 C,238.339,108.056,207.074,56.32231,31.265,64.551,5.208,219.00,32908.00,730.00,
565,24-Oct-15,NO 15/9-F-1 C,234.842,108.111,203.848,58.32782,30.995,66.506,4.64,253.00,38311.00,735.00,
566,25-Oct-15,NO 15/9-F-1 C,232.593,108.074,202.54,59.99157,30.053,66.584,5.233,284.00,42501.00,786.00,
567,26-Oct-15,NO 15/9-F-1 C,226.844,108.183,194.498,55.61919,32.347,70.539,13.63,394.00,64546.00,860.00,
568,27-Oct-15,NO 15/9-F-1 C,222.449,108.174,191.255,56.48962,31.193,75.355,12.502,419.00,68466.00,847.00,
569,28-Oct-15,NO 15/9-F-1 C,219.677,108.139,189.719,56.47153,29.959,73.91,11.285,400.00,64240.00,801.00,
570,29-Oct-15,NO 15/9-F-1 C,214.76,108.228,185.267,67.66509,29.493,76.509,7.43,606.00,93397.00,1014.00,
571,30-Oct-15,NO 15/9-F-1 C,213.32,108.162,183.931,6.64388,29.389,73.713,1.215,3.00,521.00,7.00,
572,31-Oct-15,NO 15/9-F-1 C,229.108,103.556,161.39,0.21763,67.717,12.554,41.825,0.00,0.00,0.00,
573,1-Nov-15,NO 15/9-F-1 C,235.026,102.693,161.75,0.20664,73.277,11.892,47.383,0.00,0.00,0.00,
574,2-Nov-15,NO 15/9-F-1 C,239.437,102.104,158.393,0.1991,81.045,11.839,54.62,0.00,0.00,0.00,
575,3-Nov-15,NO 15/9-F-1 C,245.232,101.83,156.043,0.17434,89.189,10.893,62.662,0.00,0.00,0.00,
576,4-Nov-15,NO 15/9-F-1 C,256,101.82,159.757,0.16086,96.244,12.483,69.396,0.00,0.00,0.00,
577,5-Nov-15,NO 15/9-F-1 C,262.626,101.661,162.387,0.15917,100.239,12.805,73.051,0.00,0.00,0.00,
578,6-Nov-15,NO 15/9-F-1 C,266.817,101.51,164.045,0.15893,102.771,12.906,76.248,0.00,0.00,0.00,
579,7-Nov-15,NO 15/9-F-1 C,270.095,101.384,165.32,0.15107,104.774,12.617,78.386,0.00,0.00,0.00,
580,8-Nov-15,NO 15/9-F-1 C,273.11,101.273,166.431,0.13999,106.679,12.392,80.318,0.00,0.00,0.00,
581,9-Nov-15,NO 15/9-F-1 C,276.014,101.175,167.466,0.14453,108.548,11.566,82.195,0.00,0.00,0.00,
582,10-Nov-15,NO 15/9-F-1 C,278.868,101.088,168.436,0.13611,110.431,12.899,84.256,0.00,0.00,0.00,
583,11-Nov-15,NO 15/9-F-1 C,281.617,101.009,169.342,0.12831,112.275,12.505,86.866,0.00,0.00,0.00,
584,12-Nov-15,NO 15/9-F-1 C,284.218,100.937,170.183,0.14426,114.035,11.744,88.534,0.00,0.00,0.00,
585,13-Nov-15,NO 15/9-F-1 C,286.617,100.872,170.949,0.14319,115.668,10.707,89.821,0.00,0.00,0.00,
586,14-Nov-15,NO 15/9-F-1 C,288.758,100.811,171.685,0.15823,117.073,10.868,91.549,0.00,0.00,0.00,
587,15-Nov-15,NO 15/9-F-1 C,290.981,100.755,172.308,0.14446,118.672,12.439,92.887,0.00,0.00,0.00,
588,16-Nov-15,NO 15/9-F-1 C,292.987,100.704,172.873,0.12348,120.114,11.211,94.072,0.00,0.00,0.00,
589,17-Nov-15,NO 15/9-F-1 C,294.823,100.654,173.409,0.13176,121.413,10.062,95.4,0.00,0.00,0.00,
590,18-Nov-15,NO 15/9-F-1 C,278.771,106.301,237.317,27.95413,41.454,35.5,23.571,63.00,9772.00,410.00,
591,19-Nov-15,NO 15/9-F-1 C,270.762,107.612,243.92,56.91126,26.842,64.635,5.68,57.00,8878.00,850.00,
592,20-Nov-15,NO 15/9-F-1 C,263.882,107.884,237.19,60.682,26.692,74.096,5.132,175.00,27015.00,1131.00,
593,21-Nov-15,NO 15/9-F-1 C,251.5,108.181,222.5,60.68903,29,81.46,7.433,252.00,38791.00,1425.00,
594,22-Nov-15,NO 15/9-F-1 C,244.365,108.215,212.291,60.66511,32.074,79.657,6.454,303.00,46436.00,1032.00,
595,23-Nov-15,NO 15/9-F-1 C,239.834,108.202,206.722,60.61982,33.112,71.808,5.642,304.00,46216.00,1035.00,
596,24-Nov-15,NO 15/9-F-1 C,236.093,108.168,203.775,60.61337,32.318,73.646,4.79,301.00,45610.00,910.00,
597,25-Nov-15,NO 15/9-F-1 C,232.987,108.163,201.826,62.96496,31.162,74.783,3.622,309.00,46936.00,933.00,
598,26-Nov-15,NO 15/9-F-1 C,229.877,108.13,199.969,65.61387,29.907,68.736,2.534,290.00,44165.00,799.00,
599,27-Nov-15,NO 15/9-F-1 C,227.091,108.15,197.44,55.41932,29.651,69.427,10.641,312.00,47139.00,853.00,
600,28-Nov-15,NO 15/9-F-1 C,224.292,108.129,195.164,55.42483,29.128,69.378,10.374,319.00,48869.00,809.00,
601,29-Nov-15,NO 15/9-F-1 C,222.149,108.106,193.654,55.49048,28.495,70.795,9.749,325.00,49523.00,753.00,
602,30-Nov-15,NO 15/9-F-1 C,220.581,108.088,192.866,55.47582,27.714,72.695,8.986,322.00,49034.00,743.00,
603,1-Dec-15,NO 15/9-F-1 C,219.293,108.083,192.19,55.73845,27.104,71.461,8.558,318.00,48723.00,737.00,
604,2-Dec-15,NO 15/9-F-1 C,217.105,108.121,190.315,56.25741,26.79,67.989,9.077,350.00,53110.00,738.00,
605,3-Dec-15,NO 15/9-F-1 C,215.272,108.139,188.981,56.99665,26.291,71.859,8.584,353.00,53761.00,745.00,
606,4-Dec-15,NO 15/9-F-1 C,213.676,108.142,187.961,56.93238,25.715,70.505,8.386,372.00,59285.00,771.00,
607,5-Dec-15,NO 15/9-F-1 C,212.131,108.15,187.022,56.80454,25.109,67.014,8.378,334.00,51572.00,727.00,
608,6-Dec-15,NO 15/9-F-1 C,211.229,108.146,187.072,56.828,24.156,72.424,7.893,356.00,54833.00,749.00,
609,7-Dec-15,NO 15/9-F-1 C,209.866,108.174,185.812,57.60208,24.054,74.381,8.346,362.00,55787.00,764.00,
610,8-Dec-15,NO 15/9-F-1 C,208.079,108.199,184.131,59.02969,23.947,69.911,8.226,406.00,62595.00,809.00,
611,9-Dec-15,NO 15/9-F-1 C,207.589,108.192,184.405,13.98963,23.184,73.224,7.709,98.00,15246.00,192.00,
612,10-Dec-15,NO 15/9-F-1 C,220.545,103.914,156.564,0,63.98,9.693,37.695,0.00,0.00,0.00,
613,11-Dec-15,NO 15/9-F-1 C,226.235,103.165,159.644,0,66.591,8.576,40.134,0.00,0.00,0.00,
614,12-Dec-15,NO 15/9-F-1 C,231.205,102.689,162.146,0,69.06,10.692,42.57,0.00,0.00,0.00,
615,13-Dec-15,NO 15/9-F-1 C,235.401,102.279,162.802,0,72.599,11.147,46.191,0.00,0.00,0.00,
616,14-Dec-15,NO 15/9-F-1 C,240.024,101.91,161.431,0,78.593,8.988,52.273,0.00,0.00,0.00,
617,15-Dec-15,NO 15/9-F-1 C,244.596,101.534,157.33,0,87.266,8.812,61.048,0.00,0.00,0.00,
618,16-Dec-15,NO 15/9-F-1 C,253.414,101.615,157.659,0,95.755,9.973,69.572,0.00,0.00,0.00,
619,17-Dec-15,NO 15/9-F-1 C,262.178,101.57,161.032,0,101.147,10.897,74.999,0.00,0.00,0.00,
620,18-Dec-15,NO 15/9-F-1 C,267.454,101.468,163.02,0,104.435,10.938,78.327,0.00,0.00,0.00,
621,19-Dec-15,NO 15/9-F-1 C,270.949,101.366,164.356,0,106.593,11.227,80.51,0.00,0.00,0.00,
622,20-Dec-15,NO 15/9-F-1 C,273.824,101.276,165.415,0,108.409,10.653,82.364,0.00,0.00,0.00,
623,21-Dec-15,NO 15/9-F-1 C,276.623,101.194,166.439,0,110.184,9.348,84.159,0.00,0.00,0.00,
624,22-Dec-15,NO 15/9-F-1 C,279.23,101.118,167.378,0,111.851,9.951,85.812,0.00,0.00,0.00,
625,23-Dec-15,NO 15/9-F-1 C,281.643,101.049,168.202,0,113.44,9.291,87.736,0.00,0.00,0.00,
626,24-Dec-15,NO 15/9-F-1 C,283.953,100.983,168.967,0,114.986,9.738,89.372,0.00,0.00,0.00,
627,25-Dec-15,NO 15/9-F-1 C,286.075,100.924,169.666,0,116.409,9.046,90.803,0.00,0.00,0.00,
628,26-Dec-15,NO 15/9-F-1 C,288.108,100.869,170.345,0,117.762,9.496,92.16,0.00,0.00,0.00,
629,27-Dec-15,NO 15/9-F-1 C,289.947,100.816,170.884,0,119.063,7.813,93.447,0.00,0.00,0.00,
630,28-Dec-15,NO 15/9-F-1 C,291.552,100.766,171.392,0,120.161,9.041,94.579,0.00,0.00,0.00,
631,29-Dec-15,NO 15/9-F-1 C,292.989,100.719,171.818,0,121.171,9.556,95.583,0.00,0.00,0.00,
632,30-Dec-15,NO 15/9-F-1 C,294.821,100.677,172.322,0,122.499,10.405,96.899,0.00,0.00,0.00,
633,31-Dec-15,NO 15/9-F-1 C,295.862,100.635,172.694,0,123.168,9.491,97.569,0.00,0.00,0.00,
634,1-Jan-16,NO 15/9-F-1 C,296.916,100.595,172.981,0,123.936,8.648,98.351,0.00,0.00,0.00,
635,2-Jan-16,NO 15/9-F-1 C,298.101,100.559,173.392,0,124.709,8.65,99.054,0.00,0.00,0.00,
636,3-Jan-16,NO 15/9-F-1 C,299.247,100.525,173.746,0.00225,125.501,4.81,93.938,0.00,0.00,0.00,
637,4-Jan-16,NO 15/9-F-1 C,284.269,106.16,242.973,26.60707,41.295,25.043,24.841,83.00,13437.00,203.00,
638,5-Jan-16,NO 15/9-F-1 C,277.916,107.549,250.456,49.8778,27.459,51.21,13.166,33.00,5277.00,843.00,
639,6-Jan-16,NO 15/9-F-1 C,264.792,108.06,239.252,57.80311,25.539,77.967,9.769,94.00,15282.00,1466.00,
640,7-Jan-16,NO 15/9-F-1 C,255.156,108.18,228.293,57.47243,26.863,79.187,11.103,165.00,26623.00,1413.00,
641,8-Jan-16,NO 15/9-F-1 C,249.944,108.173,220.727,54.51911,29.217,76.908,13.467,194.00,31122.00,1122.00,
642,9-Jan-16,NO 15/9-F-1 C,246.178,108.149,215.683,53.01709,30.495,74.297,14.756,206.00,32916.00,970.00,
643,10-Jan-16,NO 15/9-F-1 C,244.588,108.072,214.339,52.21067,30.25,69.109,14.516,187.00,30049.00,811.00,
644,11-Jan-16,NO 15/9-F-1 C,243.198,108.032,213.862,51.28629,29.337,66.237,13.616,170.00,27228.00,734.00,
645,12-Jan-16,NO 15/9-F-1 C,242.526,108.001,214.203,51.57828,28.323,68.369,12.607,157.00,24965.00,685.00,
646,13-Jan-16,NO 15/9-F-1 C,240.059,108.072,211.83,52.31771,28.228,71.199,13.067,233.00,37109.00,846.00,
647,14-Jan-16,NO 15/9-F-1 C,236.321,108.12,206.539,52.69473,29.782,71.279,14.093,258.00,39859.00,871.00,
648,15-Jan-16,NO 15/9-F-1 C,235.445,108.055,207.149,52.14367,28.295,68.107,12.614,200.00,31091.00,727.00,
649,16-Jan-16,NO 15/9-F-1 C,234.172,108.048,206.74,52.30153,27.432,70.527,11.753,199.00,30912.00,695.00,
650,17-Jan-16,NO 15/9-F-1 C,233.165,108.034,206.494,52.33153,26.671,70.704,11,197.00,30602.00,672.00,
651,18-Jan-16,NO 15/9-F-1 C,231.726,108.056,205.18,52.80911,26.546,69.806,10.865,198.00,30751.00,704.00,
652,19-Jan-16,NO 15/9-F-1 C,229.56,108.108,202.688,53.83306,26.872,73.306,11.185,258.00,40020.00,781.00,
653,20-Jan-16,NO 15/9-F-1 C,227.722,107.987,201.34,33.37632,26.382,69.343,10.606,151.00,24432.00,493.00,
654,21-Jan-16,NO 15/9-F-1 C,239.764,104.328,198.185,0,41.578,11.201,14.745,0.00,0.00,0.00,
655,22-Jan-16,NO 15/9-F-1 C,245.023,103.264,200.601,0,44.422,7.884,17.049,0.00,0.00,0.00,
656,23-Jan-16,NO 15/9-F-1 C,249.503,102.554,198.628,0,50.875,9.47,24.72,0.00,0.00,0.00,
657,24-Jan-16,NO 15/9-F-1 C,253.687,101.965,190.273,0,63.414,9.575,37.764,0.00,0.00,0.00,
658,25-Jan-16,NO 15/9-F-1 C,257.354,101.651,182.53,0,74.824,10.426,52.108,0.00,0.00,0.00,
659,26-Jan-16,NO 15/9-F-1 C,260.629,101.452,178.381,0,82.248,9.001,57.776,0.00,0.00,0.00,
660,27-Jan-16,NO 15/9-F-1 C,263.605,101.301,173.767,0,89.839,11,74.288,0.00,0.00,0.00,
661,28-Jan-16,NO 15/9-F-1 C,266.36,101.177,170.21,0,96.15,9.225,80.593,0.00,0.00,0.00,
662,29-Jan-16,NO 15/9-F-1 C,269.399,101.122,167.723,0,101.676,8.931,86.119,0.00,0.00,0.00,
663,30-Jan-16,NO 15/9-F-1 C,275.576,101.191,169.15,0,106.426,6.407,90.868,0.00,0.00,0.00,
664,31-Jan-16,NO 15/9-F-1 C,281.125,101.136,170.893,0,110.232,8.158,94.682,0.00,0.00,0.00,
665,1-Feb-16,NO 15/9-F-1 C,285.146,101.067,172.013,0,113.133,8.65,97.582,0.00,0.00,0.00,
666,2-Feb-16,NO 15/9-F-1 C,287.792,101.001,172.785,0,115.007,8.49,99.446,0.00,0.00,0.00,
667,3-Feb-16,NO 15/9-F-1 C,290.309,100.941,173.53,0,116.78,9.142,101.242,0.00,0.00,0.00,
668,4-Feb-16,NO 15/9-F-1 C,292.635,100.882,174.179,0,118.456,8.927,102.721,0.00,0.00,0.00,
669,5-Feb-16,NO 15/9-F-1 C,294.36,100.826,174.594,0,119.767,8.523,102.891,0.00,0.00,0.00,
670,6-Feb-16,NO 15/9-F-1 C,282.771,105.032,233.973,40.32657,48.798,17.865,27.943,66.00,10185.00,203.00,
671,7-Feb-16,NO 15/9-F-1 C,272.324,107.662,248.423,53.38168,23.901,48.52,8.207,52.00,8288.00,991.00,
672,8-Feb-16,NO 15/9-F-1 C,265.138,107.898,240.191,54.21946,24.947,68.167,9.213,73.00,11560.00,1062.00,
673,9-Feb-16,NO 15/9-F-1 C,258.254,108.056,230.123,54.16731,28.131,72.829,12.388,119.00,18957.00,1057.00,
674,10-Feb-16,NO 15/9-F-1 C,251.451,108.149,220.047,54.14206,31.404,78.309,15.645,207.00,32150.00,1108.00,
675,11-Feb-16,NO 15/9-F-1 C,245.655,108.18,212.44,54.17009,33.216,77.275,17.429,210.00,32735.00,1087.00,
676,12-Feb-16,NO 15/9-F-1 C,241.08,108.156,207.775,53.73642,33.304,74.487,17.287,308.00,47812.00,938.00,
677,13-Feb-16,NO 15/9-F-1 C,239.048,108.07,207.382,52.60856,31.666,72.974,15.688,293.00,45604.00,791.00,
678,14-Feb-16,NO 15/9-F-1 C,236.79,108.058,206.324,52.71173,30.466,72.495,14.498,241.00,37810.00,763.00,
679,15-Feb-16,NO 15/9-F-1 C,234.79,108.041,205.395,52.63982,29.395,71.677,13.453,240.00,37455.00,759.00,
680,16-Feb-16,NO 15/9-F-1 C,233.138,108.023,204.575,52.64716,28.563,61.753,12.626,237.00,37227.00,756.00,
681,17-Feb-16,NO 15/9-F-1 C,231.651,108.01,203.594,52.61857,28.057,60.883,12.115,237.00,36908.00,748.00,
682,18-Feb-16,NO 15/9-F-1 C,230.407,107.995,202.93,52.6041,27.477,68.712,11.541,232.00,36516.00,744.00,
683,19-Feb-16,NO 15/9-F-1 C,229.33,107.983,202.434,52.61605,26.896,60.635,10.959,298.00,46879.00,657.00,
684,20-Feb-16,NO 15/9-F-1 C,228.535,107.969,202.372,52.5706,26.163,64.998,10.249,308.00,47840.00,669.00,
685,21-Feb-16,NO 15/9-F-1 C,227.423,108,201.224,53.22883,26.199,67.606,10.327,297.00,47177.00,682.00,
686,22-Feb-16,NO 15/9-F-1 C,225.843,108.018,199.948,53.59606,25.895,70.942,9.923,305.00,48861.00,707.00,
687,23-Feb-16,NO 15/9-F-1 C,225.188,108.002,200.214,53.54758,24.974,69.881,9.028,304.00,48622.00,713.00,
688,24-Feb-16,NO 15/9-F-1 C,224.603,108.021,199.885,54.27181,24.717,70.605,8.759,327.00,52070.00,717.00,
689,25-Feb-16,NO 15/9-F-1 C,222.382,108.081,196.968,54.97036,25.414,72.953,9.411,338.00,53576.00,741.00,
690,26-Feb-16,NO 15/9-F-1 C,223.456,107.812,204.625,15.77039,18.831,62.426,3.705,25.00,4018.00,52.00,
691,27-Feb-16,NO 15/9-F-1 C,237.501,103.916,195.652,0,41.85,10.39,26.305,0.00,0.00,0.00,
692,28-Feb-16,NO 15/9-F-1 C,241.89,104.422,225.8,2.62843,16.09,13.928,7.981,1.00,89.00,1.00,
693,29-Feb-16,NO 15/9-F-1 C,247.975,102.889,228.34,0.24178,19.635,7.939,4.097,0.00,0.00,0.00,
694,1-Mar-16,NO 15/9-F-1 C,252.878,102.44,228.156,0.27123,24.722,6.604,9.231,0.00,0.00,0.00,
695,2-Mar-16,NO 15/9-F-1 C,257.126,101.927,221.5,0.25388,35.627,8.772,20.058,0.00,0.00,0.00,
696,3-Mar-16,NO 15/9-F-1 C,260.852,101.479,205.874,0.24661,54.979,10.836,39.422,0.00,0.00,0.00,
697,4-Mar-16,NO 15/9-F-1 C,264.262,101.322,195.286,0.23401,68.976,9.747,53.417,0.00,0.00,0.00,
698,5-Mar-16,NO 15/9-F-1 C,267.415,101.21,188.308,0.22292,79.107,9.045,63.548,0.00,0.00,0.00,
699,6-Mar-16,NO 15/9-F-1 C,270.324,101.117,184.876,0.20748,85.448,8.18,69.929,0.00,0.00,0.00,
700,7-Mar-16,NO 15/9-F-1 C,273.018,100.998,268.284,0.20585,4.734,9.066,1.324,0.00,0.00,0.00,
701,8-Mar-16,NO 15/9-F-1 C,275.425,100.797,267.081,0.20531,8.345,14.737,7.149,0.00,0.00,0.00,
702,9-Mar-16,NO 15/9-F-1 C,277.748,100.792,222.885,0.19944,54.862,7.893,53.506,0.00,0.00,0.00,
703,10-Mar-16,NO 15/9-F-1 C,279.679,100.883,193.622,0.19608,86.057,8.399,84.564,0.00,0.00,0.00,
704,11-Mar-16,NO 15/9-F-1 C,281.272,100.859,189.419,0.1936,91.853,7.555,90.226,0.00,0.00,0.00,
705,12-Mar-16,NO 15/9-F-1 C,285.42,100.9,188.487,0.18534,96.934,7.279,95.173,0.00,0.00,0.00,
706,13-Mar-16,NO 15/9-F-1 C,290.391,100.876,189.124,0.19916,101.266,7.546,99.373,0.00,0.00,0.00,
707,14-Mar-16,NO 15/9-F-1 C,294.401,100.838,189.639,0.21273,104.762,9.671,102.702,0.00,0.00,0.00,
708,15-Mar-16,NO 15/9-F-1 C,297.501,100.798,190.036,0.18889,107.465,11.253,105.24,0.00,0.00,0.00,
709,16-Mar-16,NO 15/9-F-1 C,299.722,100.756,190.312,0.18592,109.41,11.268,107.028,0.00,0.00,0.00,
710,17-Mar-16,NO 15/9-F-1 C,289.08,105.43,241.516,39.20017,47.564,24.626,27.178,50.00,8087.00,764.00,
711,18-Mar-16,NO 15/9-F-1 C,281.178,107.557,253.264,49.50087,27.914,57.584,12.344,38.00,6203.00,844.00,
712,19-Mar-16,NO 15/9-F-1 C,275.321,107.799,248.431,51.16093,26.89,61.414,11.25,64.00,10455.00,931.00,
713,20-Mar-16,NO 15/9-F-1 C,270.345,107.895,241.731,51.05473,28.614,70.084,12.965,82.00,13263.00,858.00,
714,21-Mar-16,NO 15/9-F-1 C,265.651,107.976,234.772,51.04213,30.879,71.747,15.198,109.00,17787.00,919.00,
715,22-Mar-16,NO 15/9-F-1 C,260.901,108.056,228.736,51.69107,32.165,73.865,16.475,189.00,30603.00,985.00,
716,23-Mar-16,NO 15/9-F-1 C,255.506,108.126,221.918,52.67783,33.587,74.748,17.495,244.00,39160.00,976.00,
717,24-Mar-16,NO 15/9-F-1 C,250.393,108.149,216.011,52.94943,34.382,68.641,18.073,247.00,40029.00,983.00,
718,25-Mar-16,NO 15/9-F-1 C,246.173,108.138,211.993,52.93515,34.18,72.985,17.986,248.00,40440.00,936.00,
719,26-Mar-16,NO 15/9-F-1 C,241.959,108.15,208.721,53.88786,33.238,68.793,17.028,265.00,43614.00,913.00,
720,27-Mar-16,NO 15/9-F-1 C,238.132,108.139,206.27,54.10047,31.862,67.324,15.658,253.00,42108.00,872.00,
721,28-Mar-16,NO 15/9-F-1 C,235.061,108.125,204.563,54.32924,30.498,73.935,14.288,272.00,44973.00,882.00,
722,29-Mar-16,NO 15/9-F-1 C,231.524,108.13,202.044,54.76382,29.48,76.353,13.28,276.00,45176.00,894.00,
723,30-Mar-16,NO 15/9-F-1 C,228.853,108.106,200.457,54.74367,28.396,74.63,12.212,293.00,48067.00,833.00,
724,31-Mar-16,NO 15/9-F-1 C,226.555,108.091,198.965,54.69002,27.59,74.726,11.86,287.00,46865.00,821.00,
725,1-Apr-16,NO 15/9-F-1 C,224.568,108.074,197.511,54.77048,27.057,67.334,11.375,299.00,48700.00,794.00,
726,2-Apr-16,NO 15/9-F-1 C,223.012,108.058,196.629,54.68774,26.383,69.559,10.681,285.00,46880.00,766.00,
727,3-Apr-16,NO 15/9-F-1 C,221.813,108.044,196.133,54.72411,25.681,72.502,9.91,280.00,45843.00,748.00,
728,4-Apr-16,NO 15/9-F-1 C,220.78,108.042,195.665,55.06795,25.115,71.75,9.197,282.00,45801.00,797.00,
729,5-Apr-16,NO 15/9-F-1 C,218.752,108.078,193.411,55.99813,25.341,72.218,9.101,317.00,51991.00,793.00,
730,6-Apr-16,NO 15/9-F-1 C,218.438,107.857,192.83,45.14344,25.608,66.568,9.83,208.00,34998.00,542.00,
731,7-Apr-16,NO 15/9-F-1 C,228.199,104.819,191.137,0,37.062,19.72,14.37,0.00,0.00,0.00,
732,8-Apr-16,NO 15/9-F-1 C,234.98,103.628,224.16,0.71281,10.82,7.476,4.903,0.00,0.00,0.00,
733,9-Apr-16,NO 15/9-F-1 C,239.915,103.032,237.096,0.77911,2.82,2.078,3.856,0.00,0.00,0.00,
734,10-Apr-16,NO 15/9-F-1 C,244.889,102.628,236.223,0,8.666,6.893,0.068,0.00,0.00,0.00,
735,11-Apr-16,NO 15/9-F-1 C,249.408,102.132,241.948,0,7.46,9.14,0.216,0.00,0.00,0.00,
736,12-Apr-16,NO 15/9-F-1 C,253.41,101.72,246.965,0,6.445,10.011,0.784,0.00,0.00,0.00,
737,13-Apr-16,NO 15/9-F-1 C,256.99,101.509,249.882,0,7.107,10.237,0.496,0.00,0.00,0.00,
738,14-Apr-16,NO 15/9-F-1 C,260.284,101.372,252.512,0,7.772,11.299,0.249,0.00,0.00,0.00,
739,15-Apr-16,NO 15/9-F-1 C,263.327,101.269,255.063,0,8.263,10.54,0.077,0.00,0.00,0.00,
740,16-Apr-16,NO 15/9-F-1 C,266.148,101.17,257.473,0,8.675,10.079,0.068,0.00,0.00,0.00,
741,17-Apr-16,NO 15/9-F-1 C,270.268,101.198,263.77,0,6.498,9.802,2.645,0.00,0.00,0.00,
742,18-Apr-16,NO 15/9-F-1 C,276.869,101.231,263.155,0,13.714,11.742,4.12,0.00,0.00,0.00,
743,19-Apr-16,NO 15/9-F-1 C,282.105,101.178,273.53,0.26519,8.576,10.119,1.866,0.00,0.00,0.00,
744,20-Apr-16,NO 15/9-F-1 C,285.096,101.131,266.816,0,18.28,9.872,7.414,0.00,0.00,0.00,
745,21-Apr-16,NO 15/9-F-1 C,0,0,0,0,0,0,0,0.00,0.00,0.00,
